,school,sex,address,Pstatus,Pedu,reason,guardian,traveltime,studytime,schoolsup,famsup,paid,activities,nursery,higher,internet,romantic,famrel,freetime,goout,Dalc,Walc,health,absences,G1,G2,G3
0,0,0,0,0,1,2,2,1,1,0,1,1,1,0,0,1,1,3,2,3,0,0,2,6,2,2,2
1,0,0,0,1,2,2,0,0,1,1,0,1,1,1,0,0,1,4,2,2,0,0,2,4,2,2,2
2,0,0,0,1,2,0,2,0,1,0,1,0,1,0,0,0,1,3,2,1,1,2,2,10,2,2,3
3,0,0,0,1,0,1,2,0,2,1,0,0,0,0,0,0,0,2,1,1,0,0,4,2,3,3,1
4,0,0,0,1,0,1,0,0,1,1,0,0,1,0,0,1,1,3,2,1,0,1,4,4,2,3,3
5,0,1,0,1,0,3,2,0,1,1,0,0,0,0,0,0,1,4,3,1,0,1,4,10,3,1,1
6,0,1,0,1,0,1,2,0,1,1,1,1,1,0,0,0,1,3,3,3,0,0,2,0,1,3,3
7,0,0,0,0,1,1,2,1,1,0,0,1,1,0,0,1,1,3,0,3,0,0,0,6,2,2,2
8,0,1,0,0,0,1,2,0,1,1,0,0,1,0,0,0,1,3,1,1,0,0,0,0,3,1,1
9,0,1,0,1,0,1,2,0,1,1,0,0,0,0,0,0,1,4,4,0,0,0,4,0,1,1,1
10,0,0,0,1,1,3,2,0,1,1,0,0,1,0,0,0,1,2,2,2,0,1,1,0,1,2,2
11,0,0,0,1,2,3,0,2,2,1,0,1,0,0,0,0,1,4,1,1,0,0,3,4,1,3,3
12,0,1,0,1,1,2,0,0,0,1,0,0,0,0,0,0,1,3,2,2,0,2,4,2,1,3,3
13,0,1,0,1,0,2,2,1,1,1,0,0,1,0,0,0,1,4,3,2,0,1,2,2,1,3,3
14,0,1,0,0,0,1,1,0,2,1,0,1,1,0,0,0,0,3,4,1,0,0,2,0,1,1,1
15,0,0,0,1,1,1,2,0,0,1,0,1,1,0,0,0,1,3,3,3,0,1,1,4,1,3,3
16,0,0,0,1,1,3,2,0,2,1,0,0,0,0,0,0,1,2,1,2,0,1,1,6,1,3,3
17,0,0,0,1,0,3,2,2,1,0,0,1,0,0,0,1,1,4,2,1,0,0,3,4,2,3,3
18,0,1,0,1,0,2,2,0,0,1,0,1,0,0,0,0,1,4,4,4,1,3,4,16,2,2,2
19,0,1,0,1,0,1,0,0,0,1,1,0,0,0,0,0,1,2,0,2,0,2,4,4,2,3,3
20,0,1,0,1,0,3,2,0,1,1,1,1,1,0,0,0,1,3,3,0,0,0,0,0,1,3,1
21,0,1,0,1,1,0,0,0,0,1,0,0,1,0,0,0,1,4,3,1,0,0,4,0,1,1,1
22,0,1,0,1,0,2,2,0,1,1,1,1,0,0,0,0,1,3,4,0,0,2,4,2,3,1,1
23,0,1,0,1,0,3,2,1,1,1,0,1,0,0,0,0,1,4,3,3,1,3,4,0,1,3,3
24,0,0,1,1,0,2,2,0,2,0,0,0,0,0,0,0,1,3,2,1,0,0,4,2,1,2,2
25,0,0,0,1,0,1,2,0,0,1,0,0,1,1,0,0,1,0,1,1,0,2,4,14,2,2,2
26,0,1,0,1,0,1,2,0,0,1,0,0,1,0,0,0,1,3,1,1,0,1,4,2,1,3,3
27,0,1,0,1,0,0,2,0,0,1,1,0,1,0,0,0,1,1,1,3,1,3,0,4,3,1,1
28,0,1,0,0,0,1,2,0,1,0,0,1,0,0,0,0,1,4,2,2,0,0,4,4,1,3,3
29,0,1,0,1,1,1,2,0,1,1,0,0,0,0,0,0,0,3,3,4,4,4,4,16,1,3,3
30,0,1,0,1,1,1,2,0,1,1,0,0,1,1,0,0,1,4,3,1,2,3,4,0,2,3,3
31,0,1,0,1,1,3,2,1,1,1,0,1,0,0,0,0,1,3,2,0,0,0,4,0,3,1,1
32,0,1,1,1,0,2,2,0,1,1,0,1,0,0,0,0,0,3,4,1,0,0,4,0,3,1,1
33,0,1,0,1,0,2,2,0,1,1,1,1,0,1,0,0,1,4,2,1,0,0,1,0,2,3,3
34,0,1,0,1,0,1,2,0,0,1,0,0,1,1,0,0,1,4,3,2,0,0,4,0,1,3,1
35,0,0,0,1,0,0,0,1,0,1,0,1,0,0,0,1,1,2,4,0,0,0,4,0,2,2,2
36,0,1,0,1,0,1,2,0,2,1,0,1,0,0,0,0,1,4,3,2,0,0,3,2,3,1,1
37,0,1,1,0,1,3,2,1,2,1,0,1,0,0,0,0,0,1,3,2,0,0,4,7,3,1,1
38,0,0,1,1,0,2,2,0,2,0,0,0,0,0,0,0,1,3,2,1,0,0,4,2,1,3,3
39,0,0,1,1,0,3,2,0,0,0,0,0,0,0,0,1,1,3,2,0,0,0,1,8,1,3,3
40,0,0,0,1,0,1,2,1,1,1,0,1,0,1,0,0,0,2,2,2,0,1,2,25,2,3,3
41,0,1,0,1,1,1,1,0,0,1,0,1,1,1,0,0,0,4,3,2,1,3,4,8,1,3,3
42,0,1,0,1,1,2,0,0,1,1,0,1,0,0,0,0,1,3,2,2,0,0,4,2,3,1,1
43,0,1,0,1,0,2,0,0,0,0,0,1,1,0,0,0,1,4,3,0,0,0,0,0,2,2,3
44,0,0,0,1,0,2,0,1,1,0,1,1,0,0,0,0,1,3,2,2,1,1,4,14,1,3,2
45,0,0,0,0,0,2,2,0,1,0,0,0,0,0,0,0,0,4,1,1,0,0,4,8,2,2,2
46,0,0,0,0,0,1,2,0,1,1,0,1,1,0,0,0,1,1,2,4,0,3,2,12,1,3,3
47,0,1,0,1,0,3,2,0,3,1,1,1,0,0,0,0,1,3,1,1,0,0,1,4,3,1,1
48,0,1,0,1,0,1,2,0,1,1,0,0,1,0,0,1,1,3,2,2,1,1,4,2,3,1,3
49,0,0,0,1,1,0,0,0,1,0,0,1,0,1,0,0,1,3,3,3,0,0,2,2,2,2,2
50,0,0,0,1,0,2,2,2,1,1,0,0,1,0,0,0,1,3,2,2,1,2,3,2,1,3,3
51,0,0,0,1,0,0,2,0,1,1,0,0,1,0,0,0,1,3,2,2,0,0,4,2,1,3,3
52,0,1,0,0,0,0,0,1,0,1,1,1,1,0,0,1,1,4,4,4,2,3,4,6,1,3,3
53,0,0,0,1,1,2,2,0,0,0,0,0,1,0,0,0,1,2,2,3,1,2,4,0,2,3,3
54,0,0,0,0,0,0,2,0,0,1,1,0,1,0,0,0,1,4,2,3,3,3,0,6,1,3,3
55,0,0,0,0,2,0,2,0,1,1,1,0,0,0,0,0,0,4,2,3,0,0,1,8,2,2,3
56,0,0,0,0,0,3,2,0,1,1,0,0,0,0,0,0,1,3,2,1,0,0,0,0,1,1,1
57,0,1,0,1,1,3,2,0,1,1,0,1,0,0,0,1,1,2,1,1,0,0,4,4,1,1,1
58,0,1,0,1,2,1,0,0,1,0,0,1,0,0,0,0,1,3,2,1,0,0,4,2,2,3,2
59,0,0,0,1,0,2,2,0,1,1,0,1,1,0,0,0,1,3,1,2,0,0,4,2,3,1,1
60,0,0,1,1,1,0,2,0,1,1,0,1,0,0,0,1,1,1,3,3,1,2,3,6,1,3,3
61,0,0,0,1,2,2,0,3,0,0,0,1,0,1,0,0,0,4,4,4,4,4,4,6,1,2,3
62,0,0,0,1,2,3,0,0,1,0,1,1,0,0,0,0,1,3,3,2,0,0,0,4,2,3,2
63,0,0,0,1,0,1,2,0,2,0,0,0,0,0,0,0,1,2,3,3,1,3,3,2,1,2,2
64,0,0,0,1,0,3,0,0,1,0,1,1,0,0,0,0,0,3,3,3,1,3,1,0,1,3,3
65,0,0,0,1,0,2,2,2,1,1,0,1,0,0,0,0,1,4,3,2,0,1,0,2,3,1,1
66,0,1,0,0,1,3,2,0,3,1,0,1,0,1,0,0,0,0,2,2,4,4,2,4,1,3,3
67,0,0,0,1,0,2,2,0,3,0,0,0,1,0,0,0,1,3,2,2,0,1,4,4,2,2,2
68,0,0,1,1,0,3,2,1,1,0,0,0,1,0,0,0,1,3,0,2,0,2,3,2,2,2,2
69,0,0,1,1,0,3,0,1,3,1,0,1,1,1,0,0,1,3,3,1,1,2,2,12,3,1,1
70,0,1,0,1,0,3,0,1,3,1,0,0,1,0,0,0,1,3,2,1,0,0,4,0,1,1,1
71,0,1,0,1,0,2,2,0,3,1,1,1,1,0,0,0,1,2,2,2,0,0,2,0,1,3,3
72,0,0,1,1,2,3,2,0,1,0,0,1,1,1,0,0,0,2,2,3,1,3,4,2,2,2,2
73,0,1,0,1,0,3,2,0,0,1,1,1,0,0,0,1,1,4,2,1,1,1,4,2,1,3,3
74,0,0,0,1,0,1,2,0,1,0,0,0,0,0,0,0,1,3,2,2,1,3,4,31,1,3,3
75,0,1,0,1,0,1,2,0,1,1,0,0,0,0,0,0,1,3,2,2,1,2,4,6,2,2,3
76,0,1,0,1,0,2,2,1,3,1,1,1,0,0,0,0,1,2,3,2,0,0,0,8,1,3,3
77,0,0,0,1,0,3,2,0,3,1,1,0,1,0,0,0,0,4,1,2,0,2,2,0,1,3,3
78,0,1,0,1,2,1,2,1,0,0,0,1,0,0,1,0,1,3,4,0,0,0,2,2,2,2,3
79,0,0,0,1,0,2,2,0,1,1,0,1,1,0,0,0,1,1,3,2,0,1,2,12,2,2,2
80,0,1,0,1,0,2,0,0,0,0,0,0,0,1,0,0,0,2,1,1,0,2,2,2,1,3,3
81,0,1,0,1,0,1,2,0,2,0,1,0,1,1,0,0,1,4,2,1,0,1,4,4,1,3,3
82,0,0,0,1,0,3,2,0,1,1,0,0,1,0,0,0,1,3,3,3,0,0,4,10,2,2,2
83,0,1,0,1,0,1,2,1,1,1,1,0,0,0,0,0,1,4,2,2,0,2,3,4,3,1,1
84,0,0,0,1,2,1,0,0,1,1,0,1,0,1,0,0,1,3,2,1,1,2,3,2,2,3,3
85,0,0,0,1,1,3,0,1,1,1,1,0,1,0,0,0,0,3,3,3,1,2,4,6,2,2,2
86,0,0,0,1,0,2,2,0,1,1,0,1,1,0,0,1,1,3,2,3,0,1,1,4,2,2,2
87,0,0,0,1,0,3,2,0,2,1,0,1,0,0,0,0,1,4,2,2,0,2,0,4,1,3,3
88,0,1,0,1,0,3,0,1,1,1,1,0,0,1,0,0,1,3,3,1,0,0,2,12,1,3,3
89,0,1,0,0,1,3,2,0,1,1,0,1,1,0,0,1,1,3,0,2,2,4,4,18,2,2,2
90,0,0,0,1,0,1,2,0,2,1,0,0,1,0,0,0,0,3,2,2,0,2,3,0,2,2,2
91,0,0,0,1,0,3,2,0,0,1,1,0,0,0,0,0,1,3,4,4,0,2,0,4,3,1,1
92,0,0,0,1,0,1,0,0,1,0,0,1,1,0,0,1,1,2,2,2,1,2,1,4,2,2,2
93,0,0,0,1,0,1,2,1,1,1,0,0,0,0,0,0,1,4,2,2,0,0,0,0,1,3,3
94,0,1,0,1,0,3,2,0,3,1,0,1,0,0,0,0,1,3,2,3,0,0,3,6,1,3,3
95,0,0,1,1,2,1,2,1,3,0,0,0,0,0,0,0,1,2,0,1,0,0,0,2,2,3,3
96,0,1,1,1,0,3,2,1,0,0,0,1,0,1,0,0,1,2,2,2,0,0,3,2,1,1,1
97,0,0,0,1,2,2,2,0,1,1,0,0,1,0,0,1,0,3,2,4,0,0,4,2,2,2,3
98,0,0,0,1,1,3,2,0,0,1,1,1,0,1,0,0,1,4,2,3,0,1,0,6,1,3,3
99,0,0,0,1,0,2,2,0,2,0,0,0,1,0,0,0,1,4,2,4,0,0,2,0,2,2,2
100,0,1,0,1,1,0,2,0,0,0,0,0,0,0,0,0,1,3,4,4,4,4,3,14,2,2,2
101,0,1,0,1,1,0,0,0,2,1,0,1,0,0,0,0,0,3,3,2,0,0,3,0,3,1,1
102,0,1,0,1,1,2,2,0,0,1,0,1,0,1,0,0,1,4,2,2,0,0,4,4,1,3,3
103,0,0,0,1,0,1,2,1,1,0,0,0,1,0,0,0,1,3,2,4,0,0,1,26,2,2,2
104,0,1,0,0,0,2,2,0,1,1,0,0,0,0,0,0,1,4,3,3,0,0,0,0,3,1,1
105,0,0,0,0,0,3,0,0,3,0,1,1,1,0,0,1,1,3,2,2,0,0,3,10,1,3,3
106,0,0,0,1,0,2,2,0,3,0,0,0,1,0,0,0,1,4,0,1,0,0,2,8,2,2,2
107,0,1,0,1,0,1,0,0,2,1,0,1,0,0,0,0,1,4,2,2,0,0,4,2,3,1,1
108,0,1,1,1,1,1,0,3,3,1,0,0,0,0,0,0,0,0,2,4,2,4,0,6,1,3,3
109,0,0,0,1,1,0,2,0,2,1,0,0,0,0,0,0,0,4,3,4,0,0,3,4,1,1,1
110,0,1,0,0,1,2,2,0,0,1,1,1,0,0,0,0,1,4,4,2,0,0,3,6,3,1,1
111,0,0,1,1,0,3,0,0,2,0,0,1,0,0,0,0,1,3,0,1,0,0,1,0,2,3,3
112,0,0,0,1,0,1,2,0,1,0,1,1,0,0,0,0,1,2,0,1,0,0,4,6,1,3,3
113,0,1,0,1,0,2,2,0,0,1,1,1,1,0,0,0,1,2,4,1,0,0,2,10,3,1,1
114,0,1,1,1,2,3,2,0,1,1,1,1,0,0,0,0,0,4,3,1,0,0,4,8,2,2,2
115,0,1,0,1,1,2,0,0,1,1,0,1,0,0,0,0,1,4,3,3,0,1,4,2,3,1,1
116,0,1,0,1,1,3,0,1,1,1,0,1,0,0,0,1,1,3,3,2,0,0,1,2,1,3,3
117,0,1,0,1,0,1,0,1,0,1,1,1,0,0,0,0,1,4,3,1,0,0,4,0,1,3,3
118,0,1,1,1,0,2,0,2,1,1,0,1,0,0,0,0,1,4,1,3,0,3,4,20,2,2,2
119,0,1,0,1,0,3,0,0,0,1,1,1,1,0,0,0,1,2,3,2,0,1,3,6,1,3,3
120,0,0,0,1,2,2,2,0,1,1,1,1,1,1,0,0,1,2,1,2,0,1,0,2,3,1,1
121,0,1,0,1,0,1,0,0,3,1,0,0,0,0,0,0,1,4,4,3,0,1,4,6,3,3,1
122,0,0,0,1,0,2,0,1,1,1,0,0,0,0,0,0,0,3,1,1,0,1,4,2,1,3,3
123,0,1,0,1,1,2,2,0,0,1,0,1,0,0,0,0,1,2,3,3,0,3,4,18,1,3,3
124,0,0,0,1,0,1,2,0,1,1,1,0,1,0,0,0,0,4,3,3,0,0,4,0,2,2,2
125,0,1,0,1,0,1,0,0,0,0,1,1,1,0,0,0,1,4,4,4,2,1,4,0,1,3,3
126,0,0,0,0,0,1,2,0,1,0,1,1,0,0,0,0,0,4,2,1,0,0,0,0,2,3,3
127,0,0,0,1,2,2,1,0,1,1,0,1,1,1,1,1,1,2,3,1,0,0,4,2,2,2,2
128,0,1,1,1,0,3,2,0,0,1,0,1,0,0,0,0,1,2,2,2,0,1,3,0,2,0,0
129,0,1,1,1,1,2,2,0,0,1,1,0,0,0,0,0,1,2,4,4,1,4,3,8,3,1,1
130,0,0,1,1,0,2,0,1,2,1,0,1,1,0,0,0,0,3,1,1,1,1,4,0,1,0,0
131,0,0,0,1,2,2,2,2,0,1,0,1,0,1,0,0,0,3,2,2,0,1,3,0,2,0,0
132,0,0,0,1,0,2,0,0,0,1,0,1,1,0,0,0,0,2,3,3,0,2,4,12,1,3,3
133,0,0,0,0,0,2,0,0,0,1,1,1,1,0,0,0,1,2,1,0,0,3,4,16,1,3,3
134,0,1,1,1,0,2,2,3,1,1,0,1,1,0,0,1,0,4,2,2,0,0,4,0,2,0,0
135,0,0,0,1,1,2,2,0,2,1,0,1,0,0,0,0,0,3,2,2,0,0,4,0,1,0,0
136,0,1,1,1,0,2,2,2,1,1,1,1,1,0,0,1,1,4,3,4,1,3,4,0,1,0,0
137,0,0,0,0,0,2,1,1,0,1,0,1,0,1,0,0,0,3,2,1,0,0,4,0,0,0,0
138,0,1,0,1,2,2,2,0,1,1,1,1,1,0,0,1,0,3,3,3,0,2,4,0,1,3,3
139,0,0,0,1,1,2,2,1,0,1,1,1,0,0,0,0,1,3,2,1,0,0,4,0,3,1,1
140,0,1,0,1,0,2,0,1,3,0,0,1,1,0,0,0,1,1,1,1,0,0,2,0,2,2,0
141,0,1,0,1,0,3,0,1,0,1,0,1,0,0,0,0,1,1,2,2,1,1,1,8,2,2,2
142,0,0,0,1,1,2,2,0,2,1,0,0,0,0,0,0,1,3,1,1,0,0,4,2,2,3,3
143,0,0,0,1,2,2,2,0,0,1,1,1,1,0,0,0,1,2,3,3,2,2,0,2,1,3,3
144,0,1,0,1,2,1,2,0,0,1,0,1,1,0,0,0,1,4,3,4,0,1,4,0,2,0,0
145,0,0,0,1,2,2,0,0,1,1,0,0,1,0,0,0,1,3,3,1,0,1,4,0,2,3,3
146,0,0,0,1,0,1,0,0,1,1,0,1,1,0,0,0,1,2,2,1,0,0,2,0,2,2,0
147,0,0,0,1,2,2,2,0,1,1,0,0,1,1,0,0,1,3,2,1,0,0,4,2,1,3,3
148,0,1,0,1,1,2,2,0,0,1,0,1,1,0,1,0,0,2,2,1,1,0,4,0,2,2,0
149,0,1,0,0,2,2,2,3,0,1,1,1,1,0,0,0,1,3,4,4,1,4,4,0,2,2,3
150,0,1,0,1,2,2,2,0,0,1,1,1,1,0,1,0,0,1,2,4,1,4,3,0,2,2,0
151,0,1,0,1,2,2,2,0,0,1,1,1,0,0,0,1,0,3,3,3,2,4,4,6,1,3,3
152,0,0,1,1,0,3,1,1,2,1,0,0,0,0,0,0,0,3,1,0,1,2,2,8,1,3,3
153,0,1,0,1,0,1,2,0,0,1,0,1,1,0,1,0,0,3,4,3,0,0,3,0,2,0,0
154,0,0,0,1,1,2,2,0,0,0,0,1,1,0,0,1,0,3,1,0,0,0,3,0,1,3,3
155,0,1,1,1,0,2,2,0,1,0,1,0,0,0,0,1,1,3,3,3,0,0,0,2,1,2,2
156,0,1,1,1,2,3,2,0,0,1,1,1,1,0,0,1,1,1,1,1,2,2,4,8,3,3,3
157,0,0,1,1,2,2,2,2,0,1,0,1,0,1,0,1,1,4,1,4,0,4,3,6,2,2,3
158,0,1,1,1,0,2,2,2,0,1,1,1,1,1,0,1,1,3,1,1,0,1,2,2,3,1,1
159,0,1,0,1,0,2,0,0,1,1,0,0,1,0,0,0,0,3,4,4,3,3,4,4,1,3,3
160,0,1,1,1,2,2,2,1,0,1,1,1,0,0,1,0,0,2,2,1,1,1,4,0,2,2,0
161,0,1,1,1,0,2,2,1,1,0,0,1,1,0,0,0,0,3,3,3,0,3,2,6,2,2,2
162,0,1,0,1,2,2,2,1,0,1,1,1,0,0,0,1,1,3,3,3,1,3,4,0,2,0,0
163,0,1,0,1,0,2,0,0,0,1,1,1,1,0,1,0,1,4,2,2,0,3,1,2,1,3,3
164,0,1,1,1,2,2,2,3,1,1,1,1,0,0,1,1,0,4,2,4,0,4,4,0,2,2,2
165,0,1,0,1,0,2,2,1,0,1,0,1,0,1,1,1,1,3,4,1,0,0,1,16,1,3,3
166,0,1,0,1,0,2,0,0,1,1,1,1,1,0,1,0,1,3,2,4,1,3,3,4,1,3,3
167,0,0,0,1,0,1,0,0,1,1,1,0,1,0,0,0,0,3,1,2,0,0,2,0,1,1,1
168,0,0,0,1,0,1,2,0,1,1,0,0,1,1,0,0,1,4,0,4,0,0,3,0,2,2,0
169,0,0,0,1,1,3,2,0,1,1,0,0,1,0,0,0,0,3,3,1,0,0,2,0,1,3,3
170,0,1,0,1,0,2,0,2,0,1,0,1,0,1,0,0,1,2,3,4,1,3,1,0,2,2,0
171,0,1,0,1,2,3,2,1,1,1,0,0,0,0,0,0,0,3,2,1,0,0,2,2,1,1,1
172,0,1,0,1,1,3,2,0,1,1,0,0,0,0,0,0,1,3,3,3,0,2,4,0,1,3,3
173,0,0,0,1,0,1,2,0,1,1,1,1,0,1,0,0,0,3,2,4,0,0,2,0,2,2,0
174,0,0,0,1,0,3,2,1,1,1,0,0,0,0,0,0,1,3,3,4,0,0,3,4,1,3,2
175,0,1,0,1,0,2,2,1,1,1,1,0,0,0,0,0,1,3,3,3,3,3,3,4,1,2,2
176,0,0,0,1,0,3,2,1,1,1,1,0,0,1,0,0,1,2,3,3,0,3,4,2,1,3,3
177,0,1,0,1,0,3,0,0,1,1,1,1,0,1,0,0,1,3,2,3,0,3,3,4,2,2,2
178,0,1,1,1,0,0,2,0,0,1,0,1,0,0,0,0,0,3,2,2,2,3,2,10,1,2,2
179,0,1,0,1,0,2,2,0,1,1,0,1,0,0,0,0,0,4,1,2,0,0,1,4,1,3,3
180,0,1,0,1,0,1,2,0,1,1,0,0,0,0,0,0,1,2,3,2,1,2,2,10,2,2,2
181,0,1,0,1,0,1,2,0,1,1,1,0,0,0,0,0,0,3,1,2,0,1,2,2,1,3,3
182,0,0,0,1,0,3,0,0,1,1,0,1,0,0,0,1,1,4,3,1,1,2,4,0,3,1,1
183,0,0,0,1,0,3,2,0,1,1,0,1,0,0,0,0,0,4,2,2,1,2,0,32,2,2,2
184,0,0,0,1,0,3,2,0,1,1,0,0,1,0,0,0,1,0,1,1,0,1,0,14,1,3,3
185,0,1,0,1,0,0,2,0,1,1,0,1,0,0,0,0,0,3,2,3,1,2,3,12,1,3,3
186,0,1,0,1,2,0,2,0,0,1,0,0,0,0,0,0,0,2,2,2,0,1,2,2,1,3,3
187,0,1,0,1,2,2,2,0,1,1,1,0,0,0,0,0,0,3,1,2,0,1,4,0,3,1,1
188,0,0,0,0,0,3,2,0,1,1,0,1,1,1,0,0,0,2,2,2,0,2,2,6,2,2,2
189,0,1,1,1,2,1,2,0,1,1,1,1,1,0,0,1,1,2,0,2,0,4,2,4,2,2,3
190,0,0,0,1,0,2,2,0,1,1,1,1,1,0,0,0,1,3,2,2,0,0,1,10,1,3,3
191,0,0,0,1,2,2,2,0,1,1,1,1,0,0,0,0,1,4,2,2,0,0,2,0,2,2,2
192,0,1,0,1,2,0,1,1,1,1,1,0,0,1,0,0,1,3,3,3,3,4,4,12,2,2,2
193,0,1,1,1,0,3,2,0,0,1,0,1,0,0,0,0,1,3,2,1,2,3,4,8,2,2,3
194,0,1,0,1,0,1,0,1,0,1,1,1,1,0,0,0,1,4,2,2,0,0,2,0,1,3,3
195,0,0,0,1,0,2,0,0,1,1,1,1,0,0,0,0,0,3,2,1,0,0,4,0,1,1,1
196,0,1,0,1,1,1,2,0,0,1,1,1,1,0,0,0,1,4,1,2,0,1,4,4,3,1,1
197,0,1,1,1,0,1,0,2,0,1,0,0,0,0,0,0,1,2,2,3,2,4,2,8,2,2,3
198,0,0,0,1,1,1,2,1,0,1,0,1,1,0,0,0,1,3,1,3,1,2,1,24,3,1,1
199,0,0,0,1,1,3,2,0,1,1,0,0,1,0,0,0,1,3,4,1,0,1,2,0,2,2,3
200,0,0,0,1,0,1,2,0,1,1,0,1,0,0,0,0,1,3,2,4,0,4,1,2,3,1,1
201,0,0,0,1,0,3,2,0,1,0,0,0,0,0,0,1,1,3,3,2,0,2,3,6,2,3,3
202,0,0,0,1,2,2,2,0,1,1,0,0,1,1,0,1,1,3,3,3,0,2,0,4,2,2,3
203,0,0,1,1,0,3,2,0,0,1,0,1,1,0,0,0,1,4,2,1,0,1,2,18,2,2,2
204,0,0,1,1,0,3,2,1,3,1,0,0,0,1,0,0,1,4,2,4,0,0,4,6,1,3,3
205,0,0,0,1,0,1,2,0,2,1,0,0,1,0,0,0,0,3,3,2,2,3,4,27,1,2,2
206,0,0,0,0,0,2,2,0,1,1,0,0,1,0,0,0,1,1,2,2,1,1,3,5,2,2,2
207,0,0,0,1,0,0,2,0,1,1,1,0,0,0,0,0,0,0,2,1,0,0,0,10,1,3,3
208,0,0,0,1,2,1,2,1,0,1,0,0,1,0,0,1,1,3,2,1,0,3,4,6,2,2,3
209,0,0,1,1,0,3,2,1,2,1,0,0,0,0,0,0,0,3,3,1,0,0,3,6,2,2,2
210,0,0,0,1,0,3,1,0,3,1,0,0,0,0,0,0,1,3,2,2,0,1,2,10,2,2,2
211,0,1,0,1,1,1,2,0,1,1,0,0,1,0,0,0,0,4,2,4,3,4,2,13,1,3,3
212,0,0,0,0,0,3,2,0,1,0,0,0,1,0,0,0,1,2,2,3,0,0,3,0,1,3,3
213,0,1,0,1,0,1,2,0,1,1,0,0,0,0,0,0,1,3,3,3,1,3,4,15,2,2,2
214,0,0,1,1,1,0,2,0,0,1,0,0,1,0,0,1,1,4,1,0,0,1,2,12,2,3,3
215,0,0,0,1,0,3,2,1,1,1,1,0,1,0,0,0,1,3,3,3,0,2,0,2,1,1,1
216,0,0,0,1,0,3,2,0,1,1,1,0,1,0,0,0,0,2,3,4,1,3,0,22,2,2,0
217,0,1,0,1,0,1,0,0,1,1,0,0,1,0,0,0,1,2,1,3,1,3,3,13,2,2,2
218,0,0,0,1,0,1,0,1,0,1,0,0,1,0,0,1,1,2,2,2,0,3,2,3,2,2,2
219,0,0,0,1,0,2,2,0,2,1,0,0,0,0,0,0,1,3,2,2,0,0,3,4,2,3,3
220,0,0,1,1,2,3,2,1,1,1,0,1,0,0,0,0,1,3,1,4,0,1,4,2,2,2,2
221,0,0,0,1,2,3,2,0,2,1,0,1,0,0,0,1,0,3,2,3,0,0,4,0,2,2,0
222,0,0,0,1,0,0,2,0,1,0,1,1,1,0,0,0,1,1,2,0,0,0,2,2,3,1,1
223,0,1,0,1,0,1,2,1,1,1,0,0,1,0,0,0,1,2,2,2,4,4,3,0,1,3,3
224,0,0,0,1,1,1,2,0,2,1,0,1,0,1,0,0,1,4,2,1,0,0,4,0,1,3,3
225,0,0,1,1,0,3,2,0,1,1,1,1,0,0,0,0,0,4,2,2,0,0,3,16,2,2,2
226,0,0,0,1,0,2,2,0,1,1,1,1,0,1,0,0,1,4,2,3,0,2,2,10,3,1,1
227,0,1,0,1,0,3,0,0,1,1,0,0,1,1,0,0,1,4,2,2,0,2,2,2,1,3,3
228,0,1,0,1,2,2,2,3,1,0,0,0,0,0,0,0,0,3,2,1,3,4,2,14,1,2,2
229,0,0,0,0,2,2,2,1,2,1,1,1,0,0,0,0,0,2,1,2,0,1,2,10,1,3,3
230,0,0,0,1,0,3,0,0,1,1,1,1,0,0,0,0,0,2,1,2,0,1,2,14,1,3,3
231,0,1,1,1,0,2,0,1,1,1,0,0,0,0,0,0,1,3,4,1,0,0,0,4,1,3,3
232,0,1,0,1,1,3,2,0,1,0,0,1,0,0,0,0,0,3,4,4,0,2,1,14,1,2,2
233,0,1,0,1,1,3,0,0,1,1,0,0,0,0,0,0,1,3,1,3,1,3,0,2,1,3,3
234,0,1,0,1,2,1,2,1,1,1,0,0,1,0,0,0,1,2,3,1,0,0,4,18,2,2,2
235,0,1,0,1,0,3,2,1,2,1,1,1,0,0,0,0,0,4,2,2,0,2,1,10,1,2,3
236,0,1,0,1,0,1,0,0,1,1,1,0,0,1,0,0,0,3,3,1,4,4,3,4,1,3,3
237,0,0,0,1,2,1,2,0,0,1,1,1,1,0,0,0,0,3,4,1,0,0,4,20,1,3,3
238,0,0,1,1,2,2,2,2,1,1,1,1,0,0,0,1,1,1,0,0,0,0,2,2,1,3,3
239,0,1,0,1,0,3,0,0,1,1,1,1,1,0,1,0,1,4,4,3,2,4,1,0,2,2,0
240,0,1,0,1,0,2,2,1,1,1,1,1,0,0,0,0,0,1,4,4,0,3,4,14,1,3,3
241,0,1,1,0,1,2,2,1,1,1,0,0,1,0,0,0,1,2,2,2,1,2,3,2,1,3,3
242,0,1,0,1,0,2,2,0,0,1,1,1,0,1,0,0,1,4,3,4,0,0,2,0,2,0,0
243,0,1,0,1,1,2,2,0,0,1,1,1,0,0,0,0,1,4,2,1,0,1,4,0,1,3,3
244,0,0,0,1,2,2,1,1,2,1,0,0,1,1,0,0,0,3,3,3,0,0,2,0,2,0,0
245,0,1,0,1,2,2,2,2,0,1,1,1,1,0,0,0,1,3,2,2,0,0,3,6,3,1,1
246,0,1,0,1,0,2,0,1,0,1,1,1,1,0,0,0,1,4,1,1,0,0,1,4,1,3,3
247,0,1,0,1,0,0,2,0,0,1,1,1,1,1,1,0,0,4,3,4,4,4,0,16,2,2,2
248,0,1,1,1,0,2,2,0,1,1,0,1,1,0,0,0,0,3,2,2,0,2,4,8,0,2,2
249,0,1,0,1,2,0,2,0,0,1,1,0,1,1,0,0,1,3,2,1,1,3,4,0,1,1,1
250,0,1,0,1,0,2,2,1,0,1,1,1,1,0,1,0,1,3,3,4,1,3,4,0,2,2,2
251,0,1,0,1,0,3,1,2,1,0,0,1,1,1,0,0,1,4,2,2,0,2,1,6,2,3,3
252,0,1,0,1,2,0,2,0,0,1,1,1,1,1,1,0,1,2,1,4,1,4,4,4,2,2,2
253,0,1,1,1,2,2,2,1,0,1,1,1,0,1,0,1,1,2,2,1,0,2,2,0,2,2,2
254,0,1,1,1,2,2,2,0,0,1,1,1,1,1,0,0,1,3,3,1,1,3,4,0,2,3,3
255,0,1,0,1,2,2,2,1,0,1,0,1,0,0,0,0,1,3,3,3,0,1,4,2,2,2,2
256,0,0,0,1,0,3,2,0,3,1,0,0,0,0,0,0,1,3,1,2,0,0,3,6,1,3,3
257,0,1,0,0,0,3,2,0,1,1,0,1,1,0,0,0,1,3,2,0,0,0,0,12,1,3,3
258,0,1,0,1,2,1,2,0,1,1,1,1,0,0,0,0,1,4,1,3,0,1,3,8,3,3,3
259,0,0,0,1,0,2,0,0,3,1,1,0,0,0,0,0,0,2,3,0,0,0,1,0,1,2,0
260,0,0,0,1,0,1,0,0,1,1,0,0,1,0,0,0,0,2,0,1,0,2,1,21,3,1,1
261,0,1,0,1,0,2,2,0,1,1,0,0,1,1,0,0,1,3,2,1,0,0,2,2,2,2,2
262,0,1,1,1,0,2,2,0,2,1,1,1,0,1,0,1,1,4,2,1,0,0,2,1,1,3,3
263,0,0,0,1,0,1,2,0,2,1,1,1,0,1,0,1,1,2,1,2,0,0,3,4,1,2,2
264,0,0,0,1,0,1,2,0,2,1,0,0,0,0,0,0,0,3,2,2,0,0,2,0,2,3,0
265,0,1,1,0,0,3,2,1,1,1,0,0,0,0,0,0,1,3,1,4,2,3,0,13,3,1,1
266,0,1,0,1,0,0,2,0,1,1,1,0,0,0,0,0,0,4,3,3,2,3,4,2,2,2,3
267,0,0,1,1,1,3,2,1,1,1,1,0,0,0,0,0,1,3,2,3,1,1,3,8,1,3,3
268,0,1,0,1,0,3,0,0,1,1,0,0,0,0,0,0,0,4,3,4,0,2,4,10,1,2,3
269,0,0,1,1,2,3,2,1,1,1,0,1,1,0,1,0,0,3,2,4,0,1,2,0,2,0,0
270,0,0,0,1,0,1,1,0,1,1,0,0,0,0,0,0,1,3,2,4,2,2,4,15,2,2,2
271,0,0,0,1,0,3,0,0,3,1,0,0,0,0,0,0,0,3,4,4,0,2,1,4,3,3,3
272,0,0,0,1,2,1,2,1,1,1,0,0,1,1,0,1,1,3,3,2,0,0,2,2,1,3,3
273,0,1,1,1,2,1,2,0,1,1,0,0,0,1,0,1,0,2,4,1,1,1,0,2,3,3,3
274,0,0,0,1,0,3,2,1,1,1,0,0,1,0,0,0,0,3,2,2,0,0,0,2,1,3,3
275,0,0,0,1,0,2,2,1,1,0,0,0,1,0,0,0,0,3,3,3,1,2,4,6,1,3,3
276,0,0,1,0,0,1,2,1,1,1,1,1,1,1,1,0,0,3,0,0,0,0,4,33,1,2,2
277,0,1,0,1,1,1,2,1,0,1,1,0,0,0,0,0,1,2,1,3,0,3,2,22,2,2,2
278,0,0,0,1,1,3,0,0,1,0,0,1,0,0,0,0,0,1,3,3,0,0,3,15,2,2,2
279,0,1,0,1,0,2,2,1,0,1,1,0,0,0,0,0,1,3,1,2,0,1,0,8,1,3,3
280,0,1,0,0,0,1,2,1,0,1,1,0,0,0,0,0,0,3,4,3,1,3,4,28,2,2,2
281,0,1,0,0,0,1,2,0,0,1,1,1,1,0,0,0,1,3,3,3,2,3,2,19,1,2,3
282,0,0,1,1,2,3,2,1,3,1,0,0,0,0,0,1,1,4,1,1,0,0,2,1,1,3,3
283,0,0,0,1,2,1,2,1,1,0,1,1,0,0,0,0,1,4,3,3,0,0,3,4,2,2,3
284,0,0,0,1,0,2,2,0,1,1,0,1,1,1,0,0,1,4,3,4,0,1,4,4,1,2,3
285,0,1,0,1,2,3,0,0,1,1,1,0,1,1,0,0,1,3,2,2,0,1,3,2,1,3,3
286,0,0,0,1,0,0,2,0,2,1,0,0,1,0,0,0,1,3,2,2,0,1,1,5,3,1,1
287,0,0,0,1,2,3,2,0,2,1,0,0,1,0,0,0,1,3,2,2,0,0,2,6,1,3,3
288,0,1,0,1,2,3,2,0,2,1,1,0,0,0,0,0,1,3,1,3,0,2,1,6,3,3,3
289,0,1,0,0,1,3,2,0,1,1,0,0,0,0,0,0,1,4,3,2,0,0,1,9,3,3,1
290,0,1,0,1,0,1,2,0,1,1,0,0,0,0,0,0,0,3,2,1,0,3,4,11,1,3,3
291,0,0,0,1,0,3,2,0,2,1,0,0,1,0,0,0,1,3,1,1,0,1,2,0,3,1,1
292,0,0,0,1,2,3,2,0,1,1,1,1,1,0,0,0,0,4,3,2,0,0,4,12,1,3,3
293,0,0,1,1,0,3,2,1,3,1,0,0,1,0,0,1,1,2,0,1,0,0,2,6,3,1,1
294,0,1,1,1,0,3,2,1,2,1,0,0,0,0,0,0,1,4,3,1,0,0,3,8,1,3,3
295,0,1,0,1,0,1,2,0,0,1,0,0,1,0,0,0,1,3,3,2,0,2,4,4,1,3,3
296,0,0,0,1,1,3,1,1,1,1,0,0,0,0,0,0,1,1,2,3,1,2,1,0,1,2,0
297,0,0,0,1,0,1,1,1,1,1,0,0,1,0,0,0,0,3,3,4,0,1,1,10,1,2,2
298,0,0,0,1,0,3,0,0,3,1,0,0,1,0,0,0,1,3,2,2,0,0,2,0,1,3,3
299,0,1,0,1,1,1,2,0,0,1,0,0,1,0,0,0,0,0,3,1,1,1,0,5,3,1,1
300,0,0,0,0,1,1,2,0,1,1,0,1,1,0,0,0,0,3,1,3,0,0,3,14,1,3,3
301,0,1,0,1,1,1,0,1,0,1,1,0,1,0,0,0,1,3,0,0,1,1,4,0,1,3,3
302,0,0,0,1,0,3,2,1,2,1,0,0,1,0,0,0,1,3,2,2,0,0,2,0,3,3,3
303,0,0,0,1,0,3,0,0,3,1,0,0,0,1,0,0,1,4,1,1,0,1,4,0,3,1,1
304,0,1,0,1,0,1,1,0,1,1,0,1,0,0,0,0,0,3,3,3,0,0,2,20,3,3,3
305,0,0,0,1,0,3,1,0,1,1,0,0,0,0,0,0,1,3,3,2,0,0,2,8,1,3,3
306,0,1,0,0,0,2,1,0,0,1,1,1,0,0,0,1,1,4,4,2,0,0,4,0,3,1,1
307,0,1,0,1,1,3,1,1,0,1,0,0,1,0,0,0,0,3,2,3,0,0,3,29,2,2,2
308,0,1,1,1,0,3,0,0,1,1,1,1,0,0,0,1,0,3,4,2,0,1,4,0,3,3,3
309,0,0,0,1,2,3,1,0,1,0,0,1,0,1,0,0,1,3,3,2,0,2,2,18,1,3,3
310,0,0,0,1,2,1,1,0,1,1,1,1,0,1,0,1,0,3,1,3,1,1,2,0,2,2,0
311,0,0,0,1,2,0,1,2,1,1,0,1,1,0,1,0,0,2,3,0,0,0,1,20,1,3,3
312,0,1,0,1,2,2,1,0,1,1,1,1,1,1,0,0,1,3,4,1,1,1,3,3,1,3,3
313,0,0,0,1,0,3,1,1,1,1,0,0,1,1,0,0,0,3,1,1,0,1,0,22,1,3,3
314,0,0,0,1,2,1,1,0,2,1,1,1,1,1,0,0,0,3,0,1,0,0,2,14,3,3,3
315,0,0,1,1,0,3,1,0,2,1,1,1,1,0,0,0,0,3,0,1,0,0,2,30,1,3,3
316,0,0,0,1,2,2,2,1,1,1,0,0,0,0,0,0,1,4,2,2,0,1,0,0,2,2,0
317,0,0,0,1,0,2,2,0,2,1,0,0,0,0,0,0,0,3,2,3,0,0,4,9,2,3,2
318,0,0,1,1,0,2,0,0,2,1,0,0,0,1,0,0,1,3,2,3,1,4,4,0,1,3,3
319,0,0,0,1,1,2,2,0,1,1,0,0,1,0,0,0,1,3,3,3,2,2,4,2,1,3,3
320,0,0,0,0,0,2,2,0,1,1,0,0,1,0,0,0,0,4,1,1,0,1,4,23,1,3,3
321,0,0,0,1,0,2,2,0,1,1,0,1,1,0,0,1,0,3,1,1,0,0,2,12,1,2,2
322,0,0,1,1,0,2,2,0,2,1,0,0,0,0,0,0,1,2,2,1,1,1,2,3,1,3,3
323,0,0,0,1,0,2,0,0,2,1,0,1,1,1,0,0,1,2,3,2,1,2,4,1,1,3,1
324,0,0,0,1,2,1,0,1,2,1,1,1,1,0,0,0,1,2,2,2,1,2,1,0,3,1,1
325,0,1,0,1,1,2,2,0,2,1,1,1,0,0,0,0,1,3,2,2,1,1,2,3,2,3,3
326,0,1,0,1,0,3,2,0,0,1,1,1,0,1,0,0,1,3,2,4,2,4,4,3,1,1,1
327,0,1,1,1,0,2,2,3,0,1,0,1,1,0,0,0,1,3,3,4,4,4,3,8,1,3,3
328,0,0,0,1,1,2,2,0,2,1,0,0,0,0,0,0,1,4,3,3,0,2,3,7,1,2,2
329,0,0,0,1,1,2,2,1,2,1,0,0,1,1,0,0,0,3,2,2,0,1,3,4,1,3,3
330,0,1,0,1,0,2,2,0,3,1,0,1,0,0,0,0,1,3,4,4,1,3,4,2,2,2,2
331,0,0,1,1,0,2,0,0,2,1,0,1,1,0,0,0,0,3,3,2,0,0,4,7,1,3,3
332,0,0,0,1,0,1,2,0,1,1,1,1,0,0,0,0,1,4,2,3,0,0,3,0,2,0,0
333,0,0,0,1,0,1,1,0,1,1,1,1,0,1,0,0,0,3,2,2,0,0,1,0,2,2,0
334,0,0,1,1,0,2,2,1,3,1,1,1,0,0,0,1,1,3,3,3,0,0,3,0,1,2,0
335,0,0,0,1,0,2,2,0,2,1,1,1,1,0,0,0,1,3,3,4,0,2,4,16,3,1,1
336,0,0,1,0,0,1,1,0,2,1,1,0,1,0,0,1,1,4,3,2,0,1,4,12,1,3,3
337,0,0,0,1,0,1,2,0,1,1,0,0,1,0,0,0,0,3,2,1,1,2,1,0,2,2,0
338,0,0,0,1,0,1,2,0,3,1,0,1,1,0,0,0,1,4,2,2,0,0,0,7,3,1,1
339,0,0,1,0,0,1,2,0,1,1,0,0,1,0,0,0,1,3,2,2,1,2,1,4,2,3,3
340,0,0,0,1,2,1,1,0,2,1,1,0,0,0,0,0,0,3,2,3,0,2,2,4,1,3,3
341,0,1,0,1,1,1,0,0,1,1,0,1,0,0,0,0,1,3,2,2,1,1,1,0,1,3,0
342,0,1,0,1,0,1,2,0,1,1,1,1,0,0,0,0,0,3,2,2,0,2,4,11,3,1,1
343,0,0,0,0,0,1,0,0,1,1,0,1,1,0,0,0,0,2,2,0,0,1,3,0,2,2,0
344,0,0,0,1,0,2,2,0,2,1,0,1,1,0,0,0,1,3,2,2,0,1,2,4,1,3,3
345,0,0,0,1,0,0,2,0,2,1,1,1,1,0,0,0,0,4,3,2,1,2,0,7,1,3,3
346,0,1,1,1,0,2,2,0,2,1,1,1,1,0,0,0,0,4,2,1,0,1,3,9,3,1,1
347,0,1,0,1,0,2,2,0,2,1,0,0,1,0,0,0,0,4,3,4,1,2,4,0,1,3,2
348,0,0,0,1,0,3,2,0,2,1,0,0,0,0,0,0,0,3,3,2,0,2,3,0,1,1,1
349,1,1,1,1,0,2,2,1,0,1,0,1,1,1,0,0,1,1,4,4,4,4,4,10,1,3,3
350,1,1,1,1,2,1,1,2,1,1,1,1,1,0,0,0,1,4,3,3,2,2,1,8,2,2,2
351,1,1,0,1,0,2,2,1,1,1,0,0,1,0,0,0,1,3,4,3,1,2,2,2,1,3,3
352,1,1,0,1,0,2,2,0,0,1,1,1,1,0,1,0,0,3,2,2,1,2,2,7,2,2,2
353,1,1,1,1,2,1,1,2,0,1,0,1,1,0,0,0,1,3,3,3,2,2,4,4,2,2,2
354,1,1,1,1,0,1,2,1,1,1,0,0,0,1,0,0,0,3,4,4,0,2,1,4,1,3,3
355,1,0,0,1,0,2,0,0,1,1,0,1,1,0,0,1,0,4,2,3,0,0,4,0,1,2,2
356,1,0,1,1,1,0,0,1,1,1,0,0,0,0,0,0,1,3,2,2,0,1,4,4,1,3,3
357,1,0,0,0,0,3,2,1,1,1,1,1,1,0,0,1,0,0,1,2,0,1,4,2,1,3,3
358,1,1,0,1,2,1,0,1,0,1,1,1,1,1,0,0,0,2,2,1,0,1,2,4,1,3,3
359,1,0,0,1,2,2,0,1,2,1,1,1,1,0,0,0,1,4,2,1,0,0,3,0,3,1,1
360,1,0,1,0,0,2,2,2,1,1,1,1,1,0,0,1,0,3,2,3,0,3,4,0,1,3,3
361,1,1,1,1,2,0,2,1,1,1,1,1,0,1,1,1,1,3,3,2,1,2,4,2,1,3,3
362,1,0,0,1,0,0,2,1,1,1,0,1,1,0,0,0,0,3,2,1,0,2,2,0,1,3,3
363,1,0,0,1,1,2,2,0,1,1,0,0,0,0,0,0,0,1,2,3,0,0,0,0,3,1,1
364,1,0,1,1,2,2,0,1,1,1,1,1,1,1,0,1,1,2,1,1,0,1,2,0,1,3,3
365,1,1,1,1,0,2,2,1,1,1,0,0,1,0,0,1,1,2,2,3,1,3,2,4,1,3,3
366,1,1,0,1,1,0,2,1,2,1,1,0,1,0,0,0,0,3,1,1,1,1,4,0,1,3,3
367,1,0,1,1,2,3,2,2,0,1,0,0,1,0,0,0,0,4,1,0,0,1,0,0,2,2,0
368,1,0,0,1,0,2,0,1,0,1,0,0,1,0,0,0,0,4,1,2,0,1,3,0,1,3,3
369,1,0,1,1,1,0,0,2,1,1,0,0,1,1,0,0,0,2,1,1,3,1,4,10,1,3,3
370,1,0,0,1,0,1,1,1,1,1,1,1,0,0,0,1,0,2,1,1,0,0,2,4,2,2,2
371,1,1,1,1,2,0,0,2,0,1,0,0,0,0,1,0,0,3,2,2,1,2,2,3,1,3,3
372,1,0,0,1,0,1,2,0,2,1,1,1,0,0,0,1,0,2,3,2,0,0,2,8,1,3,3
373,1,0,1,1,2,2,2,0,0,1,1,1,0,0,0,0,1,2,4,4,0,2,0,14,2,2,2
374,1,0,1,1,1,3,2,1,2,1,1,1,1,0,0,0,1,4,3,3,0,0,0,0,3,1,1
375,1,0,1,1,2,1,2,3,2,1,1,1,1,0,0,0,1,3,2,1,0,1,3,2,2,2,3
376,1,0,0,1,0,2,1,1,2,1,0,0,1,1,0,0,0,4,3,2,0,0,2,4,3,3,1
377,1,0,1,1,1,2,2,0,1,1,1,0,0,0,0,0,1,4,3,2,2,3,1,4,2,2,3
378,1,0,0,1,0,1,2,0,1,1,1,0,1,0,0,0,0,3,0,2,0,1,0,0,3,1,1
379,1,0,1,1,0,3,2,0,1,1,0,0,0,1,0,0,1,3,4,3,1,2,0,17,1,3,3
380,1,1,0,1,1,1,0,0,1,1,1,0,0,1,0,0,1,2,1,3,0,3,1,4,3,3,3
381,1,1,1,1,2,0,2,1,0,1,1,1,0,1,0,0,0,3,3,2,0,2,4,5,2,2,2
382,1,1,0,1,0,1,0,1,1,1,1,1,0,0,0,0,1,3,3,2,0,0,2,2,1,3,3
383,1,1,1,1,2,0,2,1,0,1,1,1,1,0,0,1,1,3,2,1,0,2,4,0,2,2,0
384,1,1,1,1,0,1,0,1,0,1,1,0,1,0,0,1,1,4,3,2,3,2,2,14,2,2,2
385,1,0,1,1,0,0,2,1,2,1,1,0,1,0,0,1,1,4,2,2,0,2,3,2,1,2,3
386,1,0,1,1,1,3,2,2,0,1,0,0,0,0,0,0,0,3,3,2,1,1,4,7,2,2,2
387,1,0,1,1,0,2,2,0,2,1,1,1,0,1,0,0,1,4,3,1,0,1,4,0,2,2,0
388,1,0,0,1,0,2,2,0,1,1,0,0,1,0,0,0,1,3,2,3,0,0,0,0,2,2,2
389,1,0,0,1,2,2,2,1,1,1,1,1,0,0,0,1,1,0,0,0,0,0,4,0,2,2,0
390,1,1,0,0,0,2,1,0,1,1,0,0,1,0,0,1,1,4,4,3,3,4,3,11,2,2,2
391,1,1,0,1,0,2,2,1,0,1,1,1,1,1,0,0,1,1,3,4,2,3,1,3,1,1,1
392,1,1,1,1,2,2,1,0,0,1,1,1,1,1,0,1,1,4,4,2,2,2,2,3,1,2,2
393,1,1,1,1,0,2,2,2,0,1,1,1,1,1,0,0,1,3,3,0,2,3,4,0,1,3,3
394,1,1,0,1,2,2,0,0,0,1,1,1,1,0,0,0,1,2,1,2,2,2,4,5,2,2,2
