编号,区域,楼盘,价格,面积,交易月份
1,工业园区,Lvl,208500,1710,1
2,工业园区,Lvl,181500,1262,2
3,高新区,Lvl,223500,1786,3
4,高新区,Lvl,140000,1717,4
5,高新区,Lvl,250000,2198,5
6,高新区,Lvl,143000,1362,6
7,工业园区,Lvl,307000,1694,7
8,高新区,Lvl,200000,2090,8
9,工业园区,Lvl,129900,1774,9
10,工业园区,Lvl,118000,1077,1
11,工业园区,Lvl,129500,1040,2
12,高新区,Lvl,345000,2324,3
13,古城区,Lvl,144000,912,4
14,高新区,Lvl,279500,1494,1
15,高新区,Lvl,157000,1253,2
16,工业园区,Lvl,132000,854,1
17,高新区,Lvl,149000,1004,2
18,工业园区,Lvl,90000,1296,3
19,工业园区,Lvl,159000,1114,4
20,工业园区,Lvl,139000,1339,1
21,高新区,Lvl,325300,2376,2
22,工业园区,Bnk,139400,1108,3
23,工业园区,Lvl,230000,1795,1
24,工业园区,Lvl,129900,1060,2
25,高新区,Lvl,154000,1060,3
26,工业园区,Lvl,256300,1600,4
27,工业园区,Lvl,134800,900,5
28,工业园区,Lvl,306000,1704,1
29,高新区,Lvl,207500,1600,2
30,高新区,Lvl,68500,520,3
31,工业园区,Lvl,40000,1317,1
32,高新区,Lvl,149350,1228,2
33,工业园区,Lvl,179900,1234,3
34,高新区,Lvl,165500,1700,4
35,工业园区,Lvl,277500,1561,5
36,工业园区,Lvl,309000,2452,6
37,工业园区,Lvl,145000,1097,1
38,工业园区,Lvl,153000,1297,2
39,工业园区,Lvl,109000,1057,3
40,工业园区,Lvl,82000,1152,4
41,工业园区,Lvl,160000,1324,5
42,工业园区,Lvl,170000,1328,1
43,高新区,Lvl,144000,884,2
44,高新区,Lvl,130250,938,3
45,工业园区,Lvl,141000,1150,4
46,工业园区,Lvl,319900,1752,5
47,高新区,Lvl,239686,2149,6
48,工业园区,Lvl,249700,1656,7
49,工业园区,Lvl,113000,1452,8
50,工业园区,Lvl,127000,955,1
51,古城区,Lvl,177000,1470,2
52,工业园区,Lvl,114500,1176,3
53,古城区,Bnk,110000,816,4
54,高新区,Low,385000,1842,1
55,工业园区,Bnk,130000,1360,2
56,高新区,Lvl,180500,1425,3
57,工业园区,Lvl,172500,1739,4
58,高新区,Lvl,196500,1720,5
59,古城区,HLS,438780,2945,6
60,工业园区,Bnk,124900,780,7
61,工业园区,Lvl,158000,1158,8
62,工业园区,Lvl,101000,1111,9
63,高新区,Lvl,202500,1370,1
64,高新区,Bnk,140000,1710,2
65,工业园区,Lvl,219500,2034,3
66,工业园区,Lvl,317000,2473,4
67,工业园区,Lvl,180000,2207,5
68,高新区,Lvl,226000,1479,6
69,工业园区,Lvl,80000,747,7
70,工业园区,Lvl,225000,2287,8
71,高新区,Lvl,244000,2223,9
72,工业园区,Lvl,129500,845,1
73,高新区,Lvl,185000,1718,1
74,工业园区,Lvl,144900,1086,2
75,工业园区,Lvl,107400,1605,3
76,工业园区,Lvl,91000,988,4
77,高新区,Lvl,135750,952,5
78,工业园区,Lvl,127000,1285,6
79,工业园区,Lvl,136500,1768,7
80,工业园区,Lvl,110000,1230,8
81,工业园区,Lvl,193500,2142,9
82,工业园区,Lvl,153500,1337,1
83,工业园区,Lvl,245000,1563,2
84,高新区,Lvl,126500,1065,3
85,高新区,Lvl,168500,1474,4
86,工业园区,Lvl,260000,2417,1
87,古城区,Lvl,174000,1560,2
88,工业园区,Lvl,164500,1224,1
89,高新区,Lvl,85000,1526,2
90,工业园区,Lvl,123600,990,3
91,工业园区,Lvl,109900,1040,4
92,工业园区,Lvl,98600,1235,1
93,高新区,HLS,163500,964,2
94,工业园区,Lvl,133900,2291,3
95,高新区,Lvl,204750,1786,1
96,古城区,Lvl,185000,1470,2
97,高新区,Lvl,214000,1588,3
98,工业园区,HLS,94750,960,4
99,工业园区,Lvl,83000,835,5
100,高新区,Lvl,128950,1225,1
101,高新区,Lvl,205000,1610,2
102,工业园区,Lvl,178000,1732,3
103,工业园区,Bnk,118964,1535,1
104,高新区,Lvl,198900,1226,2
105,工业园区,Lvl,169500,1818,3
106,工业园区,Lvl,250000,1992,4
107,工业园区,Lvl,100000,1047,5
108,工业园区,Lvl,115000,789,6
109,工业园区,Lvl,115000,1517,1
110,高新区,Lvl,190000,1844,2
111,工业园区,Lvl,136900,1855,3
112,高新区,Lvl,180000,1430,4
113,工业园区,Lvl,383970,2696,5
114,工业园区,Bnk,217000,2259,1
115,高新区,Lvl,259500,2320,2
116,工业园区,Lvl,176000,1458,3
117,工业园区,Lvl,139000,1092,4
118,工业园区,Lvl,155000,1125,5
119,工业园区,Lvl,320000,3222,6
120,工业园区,Lvl,163990,1456,7
121,高新区,Low,180000,988,8
122,工业园区,Lvl,100000,1123,1
123,工业园区,Lvl,136000,1080,2
124,工业园区,Lvl,153900,1199,3
125,高新区,Lvl,181000,1586,4
126,工业园区,Lvl,84500,754,1
127,高新区,Lvl,128000,958,2
128,高新区,Bnk,87000,840,3
129,工业园区,Lvl,155000,1348,4
130,工业园区,Lvl,150000,1053,5
131,工业园区,Lvl,226000,2157,6
132,高新区,Lvl,244000,2054,7
133,工业园区,Lvl,150750,1327,8
134,高新区,Lvl,220000,1296,9
135,高新区,Lvl,180000,1721,1
136,工业园区,Lvl,174000,1682,2
137,高新区,Lvl,143000,1214,3
138,工业园区,Lvl,171000,1959,4
139,高新区,Lvl,230000,1852,5
140,高新区,Lvl,231500,1764,6
141,工业园区,Lvl,115000,864,7
142,工业园区,Lvl,260000,1734,8
143,工业园区,Lvl,166000,1385,9
144,高新区,Lvl,204000,1501,1
145,工业园区,Lvl,125000,1728,1
146,工业园区,Lvl,130000,1709,2
147,工业园区,Lvl,105000,875,3
148,高新区,Lvl,222500,2035,4
149,工业园区,Lvl,141000,1080,5
150,工业园区,Lvl,115000,1344,6
151,工业园区,Lvl,122000,969,7
152,工业园区,Lvl,372402,1710,8
153,高新区,Lvl,190000,1993,9
154,工业园区,Lvl,235000,1252,1
155,工业园区,Lvl,125000,1200,2
156,工业园区,Lvl,79000,1096,3
157,工业园区,Lvl,109500,1040,4
158,工业园区,Lvl,269500,1968,1
159,工业园区,Lvl,254900,1947,2
160,高新区,HLS,320000,2462,1
161,高新区,Lvl,162500,1232,2
162,高新区,Lvl,412500,2668,3
163,工业园区,Lvl,220000,1541,4
164,工业园区,Lvl,103200,882,1
165,工业园区,Lvl,152000,1616,2
166,工业园区,Lvl,127500,1355,3
167,高新区,Lvl,190000,1867,1
168,工业园区,Lvl,325624,2161,2
169,高新区,Lvl,183500,1720,3
170,高新区,Lvl,228000,1707,4
171,高新区,Lvl,128500,1382,5
172,高新区,Lvl,215000,1656,1
173,高新区,Lvl,239000,1767,2
174,高新区,Lvl,163000,1362,3
175,高新区,Lvl,184000,1651,1
176,工业园区,Lvl,243000,2158,2
177,高新区,Lvl,211000,2060,3
178,工业园区,Lvl,172500,1920,4
179,高新区,Lvl,501837,2234,5
180,工业园区,Lvl,100000,968,6
181,工业园区,Lvl,177000,1525,1
182,工业园区,Lvl,200100,1802,2
183,工业园区,Lvl,120000,1340,3
184,工业园区,Lvl,200000,2082,4
185,高新区,Lvl,127000,1252,5
186,古城区,Lvl,475000,3608,1
187,高新区,Lvl,173000,1217,2
188,工业园区,Lvl,135000,1656,3
189,工业园区,Bnk,153337,1224,4
190,工业园区,Lvl,286000,1593,5
191,工业园区,Bnk,315000,2727,6
192,高新区,Lvl,184000,1479,7
193,高新区,Lvl,192000,1431,8
194,工业园区,Lvl,130000,1709,1
195,高新区,Lvl,127000,864,2
196,工业园区,Lvl,148500,1456,3
197,工业园区,Lvl,311872,1726,4
198,工业园区,Lvl,235000,3112,1
199,工业园区,Lvl,104000,2229,2
200,工业园区,Lvl,274900,1713,3
201,工业园区,Lvl,140000,1121,4
202,工业园区,Lvl,171500,1279,5
203,工业园区,Lvl,112000,1310,6
204,工业园区,Lvl,149000,848,7
205,工业园区,Lvl,110000,1284,8
206,工业园区,Lvl,180500,1442,9
207,高新区,Lvl,143900,1696,1
208,高新区,Lvl,141000,1100,2
209,高新区,Low,277000,2062,3
210,工业园区,Lvl,145000,1092,4
211,工业园区,Lvl,98000,864,5
212,工业园区,Lvl,186000,1212,6
213,工业园区,Lvl,252678,1852,7
214,古城区,Lvl,156000,990,8
215,高新区,Lvl,161750,1392,9
216,高新区,Lvl,134450,1236,1
217,工业园区,Lvl,210000,1436,1
218,工业园区,Lvl,107000,1328,2
219,高新区,Lvl,311500,1954,3
220,工业园区,Lvl,167240,1248,4
221,高新区,Lvl,204900,1498,5
222,高新区,Lvl,200000,2267,6
223,工业园区,Lvl,179900,1552,7
224,工业园区,Lvl,97000,864,8
225,工业园区,Lvl,386250,2392,9
226,工业园区,Lvl,112000,1302,1
227,高新区,Lvl,290000,2520,2
228,工业园区,Lvl,106000,987,3
229,工业园区,Lvl,125000,912,4
230,工业园区,Lvl,192500,1555,1
231,工业园区,Lvl,148000,1194,2
232,高新区,Lvl,403000,2794,1
233,工业园区,Lvl,94500,987,2
234,工业园区,Lvl,128200,894,3
235,工业园区,Lvl,216500,1960,4
236,工业园区,Lvl,89500,987,1
237,工业园区,Lvl,185500,1414,2
238,高新区,Lvl,194500,1744,3
239,工业园区,Lvl,318000,1694,1
240,工业园区,Lvl,113000,1487,2
241,工业园区,Lvl,262500,1566,3
242,工业园区,Lvl,110500,866,4
243,工业园区,Lvl,79000,1440,5
244,工业园区,Lvl,120000,1217,1
245,高新区,Lvl,205000,2110,2
246,工业园区,Lvl,241500,1872,3
247,工业园区,Lvl,137000,1928,1
248,工业园区,Lvl,140000,1375,2
249,工业园区,Lvl,180000,1668,3
250,古城区,Low,277000,2144,4
251,高新区,Lvl,76500,1306,5
252,高新区,HLS,235000,1625,6
253,高新区,Lvl,173000,1640,1
254,工业园区,Lvl,158000,1302,2
255,工业园区,Lvl,145000,1314,3
256,高新区,Lvl,230000,2291,4
257,高新区,Lvl,207500,1728,5
258,工业园区,Lvl,220000,1604,1
259,工业园区,Lvl,231500,1792,2
260,工业园区,Lvl,97000,882,3
261,工业园区,Lvl,176000,1382,4
262,高新区,Lvl,276000,2574,5
263,高新区,Lvl,151000,1212,6
264,工业园区,Lvl,130000,1316,7
265,其他区,Bnk,73000,764,8
266,高新区,Lvl,175500,1422,1
267,高新区,HLS,185000,1511,2
268,工业园区,Bnk,179500,2192,3
269,工业园区,Lvl,120500,778,4
270,高新区,Lvl,148000,1113,1
271,工业园区,Lvl,266000,1939,2
272,高新区,Low,241500,1363,3
273,高新区,Lvl,290000,2270,4
274,工业园区,Lvl,139000,1632,5
275,工业园区,Lvl,124500,816,6
276,工业园区,Lvl,205000,1548,7
277,高新区,Lvl,201000,1560,8
278,工业园区,Lvl,141000,864,9
279,工业园区,Lvl,415298,2121,1
280,工业园区,Lvl,192000,2022,2
281,工业园区,Lvl,228500,1982,3
282,工业园区,Lvl,185000,1262,4
283,工业园区,Lvl,207500,1314,5
284,工业园区,Lvl,244600,1468,6
285,工业园区,Lvl,179200,1575,7
286,高新区,Lvl,164700,1250,8
287,高新区,Bnk,159000,1734,9
288,高新区,Lvl,88000,858,1
289,高新区,Lvl,122000,900,1
290,工业园区,Lvl,153575,1396,2
291,工业园区,Lvl,233230,1919,3
292,工业园区,Bnk,135900,1716,4
293,工业园区,Lvl,131000,1716,5
294,高新区,Lvl,235000,2263,6
295,工业园区,Lvl,167000,1644,7
296,高新区,Lvl,142500,1003,8
297,工业园区,Lvl,152000,1558,9
298,高新区,Lvl,239000,1950,1
299,工业园区,Lvl,175000,1743,2
300,工业园区,Lvl,158500,1152,3
301,工业园区,Lvl,157000,1336,4
302,其他区,Lvl,267000,2452,1
303,高新区,Lvl,205000,1541,2
304,工业园区,Lvl,149900,894,1
305,工业园区,Lvl,295000,3493,2
306,工业园区,Lvl,305900,2000,3
307,工业园区,Lvl,225000,2243,4
308,高新区,Lvl,89500,1406,1
309,高新区,Lvl,82500,861,2
310,高新区,Lvl,360000,1944,3
311,高新区,Lvl,165600,1501,1
312,工业园区,Lvl,132000,972,2
313,工业园区,Lvl,119900,1118,3
314,其他区,Low,375000,2036,4
315,工业园区,Lvl,178000,1641,5
316,高新区,Lvl,188500,1432,1
317,高新区,Lvl,260000,2353,2
318,工业园区,Lvl,270000,1959,3
319,工业园区,Low,260000,2646,1
320,工业园区,Lvl,187500,1472,2
321,工业园区,Lvl,342643,2596,3
322,高新区,Lvl,354000,2468,4
323,高新区,Lvl,301000,2730,5
324,工业园区,Lvl,126175,1163,6
325,工业园区,Lvl,242000,2978,1
326,工业园区,Lvl,87000,803,2
327,高新区,Lvl,324000,1719,3
328,工业园区,Lvl,145250,1383,4
329,高新区,Bnk,214500,2134,5
330,工业园区,Lvl,78000,1192,1
331,高新区,Lvl,119000,1728,2
332,工业园区,Lvl,139000,1056,3
333,高新区,Lvl,284000,1629,4
334,工业园区,Lvl,207000,1358,5
335,高新区,Lvl,192000,1638,6
336,高新区,HLS,228950,1786,7
337,高新区,HLS,377426,1922,8
338,工业园区,Lvl,214000,1536,1
339,工业园区,Lvl,202500,1621,2
340,高新区,Lvl,155000,1215,3
341,工业园区,Lvl,202900,1908,4
342,工业园区,Lvl,82000,841,1
343,工业园区,Lvl,87500,1040,2
344,高新区,Lvl,266000,1684,3
345,工业园区,Lvl,85000,1112,4
346,工业园区,Lvl,140200,1577,5
347,高新区,Lvl,151500,958,6
348,高新区,Lvl,157500,1478,7
349,工业园区,Lvl,154000,1626,8
350,古城区,Lvl,437154,2728,9
351,高新区,Lvl,318061,1869,1
352,高新区,Low,190000,1453,2
353,工业园区,Lvl,95000,1111,3
354,工业园区,Lvl,105900,720,4
355,工业园区,Bnk,140000,1595,5
356,古城区,Lvl,177500,1200,6
357,高新区,Lvl,173000,1167,7
358,工业园区,Lvl,134000,1142,8
359,高新区,Lvl,130000,1352,9
360,高新区,Lvl,280000,1924,1
361,高新区,Lvl,156000,912,1
362,工业园区,Lvl,145000,1505,2
363,工业园区,Lvl,198500,1922,3
364,工业园区,Lvl,118000,987,4
365,高新区,Lvl,190000,1574,5
366,工业园区,Lvl,147000,1344,6
367,高新区,Lvl,159000,1394,7
368,高新区,Lvl,165000,1431,8
369,工业园区,Lvl,132000,1268,9
370,高新区,Lvl,162000,1287,1
371,高新区,Lvl,172400,1664,2
372,工业园区,Lvl,134432,1588,3
373,工业园区,Lvl,125000,752,4
374,工业园区,Lvl,123000,1319,1
375,工业园区,Lvl,219500,1928,2
376,高新区,Low,61000,904,1
377,高新区,Lvl,148000,914,2
378,高新区,Lvl,340000,2466,3
379,工业园区,Lvl,394432,1856,4
380,高新区,Lvl,179000,1800,1
381,工业园区,Lvl,127000,1691,2
382,工业园区,Lvl,187750,1301,3
383,高新区,Lvl,213500,1797,1
384,工业园区,Lvl,76000,784,2
385,古城区,Low,240000,1953,3
386,工业园区,Lvl,192000,1269,4
387,工业园区,Lvl,81000,1184,5
388,工业园区,Lvl,125000,1125,1
389,高新区,Lvl,191000,1479,2
390,工业园区,Lvl,426000,2332,3
391,工业园区,Lvl,119000,1367,1
392,高新区,Lvl,215000,1961,2
393,高新区,Lvl,106500,882,3
394,工业园区,Lvl,100000,788,4
395,工业园区,Lvl,109000,1034,5
396,工业园区,Lvl,129000,1144,6
397,工业园区,Low,123000,894,1
398,工业园区,Lvl,169500,1812,2
399,工业园区,Lvl,67000,1077,3
400,工业园区,Lvl,241000,1550,4
401,古城区,Lvl,245500,1288,5
402,高新区,Lvl,164990,1310,1
403,工业园区,Lvl,108000,672,2
404,工业园区,Lvl,258000,2263,3
405,高新区,Lvl,168000,1572,4
406,高新区,Lvl,150000,1620,5
407,工业园区,Lvl,115000,1639,6
408,工业园区,Lvl,177000,1680,7
409,工业园区,Lvl,280000,2172,8
410,工业园区,Lvl,339750,2078,1
411,工业园区,Lvl,60000,1276,2
412,工业园区,Bnk,145000,1056,3
413,古城区,Lvl,222000,1478,4
414,工业园区,Lvl,115000,1028,1
415,古城区,Lvl,228000,2097,2
416,高新区,Lvl,181134,1340,3
417,工业园区,Lvl,149500,1400,4
418,高新区,Lvl,239000,2624,5
419,工业园区,Lvl,126000,1134,6
420,工业园区,Lvl,142000,1056,7
421,工业园区,Lvl,206300,1344,8
422,高新区,Lvl,215000,1602,9
423,工业园区,HLS,113000,988,1
424,工业园区,Lvl,315000,2630,2
425,工业园区,Lvl,139000,1196,3
426,工业园区,HLS,135000,1389,4
427,工业园区,Low,275000,1644,5
428,高新区,Lvl,109008,907,6
429,工业园区,Lvl,195400,1208,7
430,高新区,Lvl,175000,1412,8
431,工业园区,Lvl,85400,987,9
432,高新区,Bnk,79900,1198,1
433,工业园区,Lvl,122500,1365,1
434,高新区,Lvl,181000,1604,2
435,工业园区,Lvl,81000,630,3
436,古城区,Lvl,212000,1661,4
437,工业园区,Lvl,116000,1118,5
438,工业园区,Lvl,119000,904,6
439,工业园区,Lvl,90350,694,7
440,工业园区,Lvl,110000,1196,8
441,工业园区,Lvl,555000,2402,9
442,工业园区,Lvl,118000,1440,1
443,工业园区,Lvl,162900,1573,2
444,工业园区,Lvl,172500,1258,3
445,工业园区,Lvl,210000,1908,4
446,工业园区,Lvl,127500,1689,1
447,高新区,Lvl,190000,1888,2
448,高新区,Lvl,199900,1886,1
449,工业园区,Bnk,119500,1376,2
450,工业园区,Lvl,120000,1183,3
451,工业园区,Lvl,110000,813,4
452,高新区,Low,280000,1533,1
453,高新区,Lvl,204000,1756,2
454,工业园区,Lvl,210000,1590,3
455,工业园区,Lvl,188000,1728,1
456,工业园区,Lvl,175500,1242,2
457,工业园区,Lvl,98000,1344,3
458,高新区,Low,256000,1663,4
459,工业园区,Lvl,161000,1666,5
460,高新区,Bnk,110000,1203,1
461,高新区,Lvl,263435,1935,2
462,工业园区,Lvl,155000,1135,3
463,高新区,Lvl,62383,864,1
464,高新区,HLS,188700,1660,2
465,工业园区,HLS,124000,1040,3
466,工业园区,Lvl,178740,1414,4
467,工业园区,Lvl,167000,1277,5
468,工业园区,Lvl,146500,1644,6
469,高新区,Lvl,250000,1634,1
470,高新区,Lvl,187000,1710,2
471,高新区,Lvl,212000,1502,3
472,工业园区,Lvl,190000,1969,4
473,工业园区,Lvl,148000,1072,5
474,高新区,Lvl,440000,1976,1
475,工业园区,Lvl,251000,1652,2
476,工业园区,Lvl,132500,970,3
477,工业园区,Lvl,208900,1493,4
478,工业园区,Lvl,380000,2643,5
479,工业园区,Lvl,297000,1718,6
480,工业园区,Bnk,89471,1131,7
481,高新区,Lvl,326000,1850,8
482,高新区,HLS,374000,1792,1
483,工业园区,Lvl,155000,1826,2
484,工业园区,Lvl,164000,1216,3
485,高新区,Lvl,132500,999,4
486,工业园区,Lvl,147000,1113,1
487,工业园区,Lvl,156000,1073,2
488,高新区,Lvl,175000,1484,3
489,工业园区,Lvl,160000,2414,4
490,工业园区,Lvl,86000,630,5
491,工业园区,Lvl,115000,1304,6
492,工业园区,Lvl,133000,1578,7
493,高新区,Lvl,172785,1456,8
494,工业园区,Lvl,155000,1269,9
495,工业园区,Lvl,91300,886,1
496,工业园区,Lvl,34900,720,2
497,高新区,Lvl,430000,3228,3
498,工业园区,Lvl,184000,1820,4
499,工业园区,Lvl,130000,899,5
500,高新区,Lvl,120000,912,6
501,工业园区,Lvl,113000,1218,7
502,工业园区,Lvl,226700,1768,8
503,工业园区,Lvl,140000,1214,9
504,高新区,Lvl,289000,1801,1
505,工业园区,Lvl,147000,1322,1
506,工业园区,Lvl,124500,1960,2
507,高新区,Lvl,215000,1911,3
508,高新区,Lvl,208300,1218,4
509,工业园区,Lvl,161000,1378,5
510,工业园区,Lvl,124500,1041,6
511,工业园区,Lvl,164900,1363,7
512,高新区,Lvl,202665,1368,8
513,工业园区,Lvl,129900,864,9
514,工业园区,Bnk,134000,1080,1
515,工业园区,Lvl,96500,789,2
516,工业园区,Lvl,402861,2020,3
517,高新区,Lvl,158000,2119,4
518,高新区,Lvl,265000,2344,1
519,高新区,Lvl,211000,1796,2
520,工业园区,Lvl,234000,2080,1
521,工业园区,Lvl,106250,1294,2
522,高新区,Lvl,150000,1244,3
523,工业园区,Lvl,159000,1664,4
524,高新区,Bnk,184750,4676,1
525,高新区,Lvl,315750,2398,2
526,工业园区,Lvl,176000,1266,3
527,工业园区,Lvl,132000,928,1
528,高新区,Lvl,446261,2713,2
529,高新区,Lvl,86000,605,3
530,高新区,Lvl,200624,2515,4
531,工业园区,Lvl,175000,1509,5
532,高新区,Lvl,128000,1362,1
533,工业园区,Lvl,107500,827,2
534,工业园区,Low,39300,334,3
535,高新区,Lvl,178000,1414,1
536,工业园区,Lvl,107500,1347,2
537,高新区,Lvl,188000,1724,3
538,高新区,Lvl,111250,864,4
539,高新区,Lvl,158000,1159,5
540,工业园区,Lvl,272000,1601,6
541,工业园区,Lvl,315000,1838,1
542,工业园区,Lvl,248000,2285,2
543,工业园区,Lvl,213250,1680,3
544,工业园区,Lvl,133000,767,4
545,高新区,Lvl,179665,1496,5
546,高新区,Lvl,229000,2183,1
547,高新区,Bnk,210000,1635,2
548,工业园区,Lvl,129500,768,3
549,高新区,HLS,125000,825,4
550,工业园区,Lvl,263000,2094,5
551,工业园区,Lvl,140000,1069,6
552,工业园区,Lvl,112500,928,7
553,高新区,Lvl,255500,1717,8
554,工业园区,Lvl,108000,1126,1
555,工业园区,Lvl,284000,2046,2
556,工业园区,Lvl,113000,1048,3
557,高新区,Lvl,141000,1092,4
558,工业园区,Low,108000,1336,1
559,古城区,HLS,175000,1446,2
560,工业园区,Lvl,234000,1557,3
561,高新区,Lvl,121500,1392,4
562,工业园区,Lvl,170000,1389,5
563,工业园区,Lvl,108000,996,6
564,工业园区,Lvl,185000,1674,7
565,高新区,Lvl,268000,2295,8
566,工业园区,Bnk,128000,1647,9
567,高新区,Lvl,325000,2504,1
568,高新区,Lvl,214000,1535,2
569,高新区,Low,316600,2132,3
570,高新区,Lvl,135960,943,4
571,高新区,Lvl,142600,1728,5
572,工业园区,Lvl,120000,864,6
573,高新区,HLS,224500,1692,7
574,高新区,Lvl,170000,1430,8
575,工业园区,Lvl,139000,1109,9
576,工业园区,Lvl,118500,1216,1
577,工业园区,Lvl,145000,1477,1
578,高新区,Lvl,164500,1320,2
579,工业园区,Lvl,146000,1392,3
580,工业园区,Lvl,131500,1795,4
581,高新区,Lvl,181900,1429,5
582,工业园区,Lvl,253293,2042,6
583,工业园区,Lvl,118500,816,7
584,工业园区,Lvl,325000,2775,8
585,工业园区,Lvl,133000,1573,9
586,工业园区,Lvl,369900,2028,1
587,工业园区,Lvl,130000,838,2
588,高新区,Lvl,137000,860,3
589,高新区,Low,143000,1473,4
590,工业园区,Lvl,79500,935,1
591,工业园区,Lvl,185900,1582,2
592,高新区,Lvl,451950,2296,1
593,工业园区,Lvl,138000,816,2
594,工业园区,Lvl,140000,848,3
595,高新区,Lvl,110000,924,4
596,高新区,Lvl,319000,1826,1
597,工业园区,Lvl,114504,1368,2
598,工业园区,Lvl,194201,1402,3
599,工业园区,Bnk,217500,1647,1
600,工业园区,Lvl,151000,1556,2
601,工业园区,Lvl,275000,1904,3
602,工业园区,Bnk,141000,1375,4
603,高新区,Lvl,220000,1915,5
604,工业园区,Lvl,151000,1200,1
605,高新区,Lvl,221000,1494,2
606,工业园区,Lvl,205000,1986,3
607,古城区,Low,152000,1040,1
608,工业园区,Bnk,225000,2008,2
609,工业园区,HLS,359100,3194,3
610,工业园区,Lvl,118500,1029,4
611,工业园区,Lvl,313000,2153,5
612,高新区,Lvl,148000,1032,6
613,工业园区,Lvl,261500,1872,1
614,工业园区,Lvl,147000,1120,2
615,工业园区,Lvl,75500,630,3
616,工业园区,Lvl,137500,1054,4
617,高新区,Lvl,183200,1509,5
618,工业园区,HLS,105500,832,1
619,工业园区,Lvl,314813,1828,2
620,工业园区,Lvl,305000,2262,3
621,工业园区,Lvl,67000,864,4
622,工业园区,Lvl,240000,2614,5
623,工业园区,Lvl,135000,980,6
624,工业园区,Lvl,168500,1512,7
625,工业园区,Lvl,165150,1790,8
626,高新区,Lvl,160000,1116,1
627,高新区,Lvl,139900,1422,2
628,工业园区,Lvl,153000,1520,3
629,高新区,HLS,135000,2080,4
630,工业园区,Lvl,168500,1350,1
631,工业园区,Lvl,124000,1750,2
632,工业园区,Lvl,209500,1554,3
633,工业园区,Lvl,82500,1411,4
634,工业园区,Lvl,139400,1056,5
635,工业园区,Lvl,144000,1056,6
636,工业园区,Bnk,200000,3395,7
637,工业园区,Lvl,60000,800,8
638,工业园区,Lvl,93000,1387,9
639,工业园区,Lvl,85000,796,1
640,工业园区,Lvl,264561,1567,2
641,高新区,Lvl,274000,1518,3
642,工业园区,Lvl,226000,1929,4
643,工业园区,Lvl,345000,2704,5
644,工业园区,Lvl,152000,1620,6
645,工业园区,Lvl,370878,1766,7
646,高新区,Lvl,143250,981,8
647,工业园区,Lvl,98300,1048,9
648,高新区,Lvl,155000,1094,1
649,工业园区,Lvl,155000,1839,1
650,工业园区,Lvl,84500,630,2
651,工业园区,Lvl,205950,1665,3
652,工业园区,Lvl,108000,1510,4
653,工业园区,Lvl,191000,1716,5
654,工业园区,Lvl,135000,1469,6
655,高新区,Lvl,350000,2113,7
656,工业园区,Lvl,88000,1092,8
657,高新区,Lvl,145500,1053,9
658,工业园区,HLS,149000,1502,1
659,工业园区,Lvl,97500,1458,2
660,工业园区,Lvl,167000,1486,3
661,工业园区,Lvl,197900,1935,4
662,古城区,Lvl,402000,2448,1
663,工业园区,Lvl,110000,1392,2
664,工业园区,Lvl,137500,1181,1
665,古城区,Lvl,423000,2097,2
666,高新区,Lvl,230500,1936,3
667,高新区,Lvl,129000,2380,4
668,工业园区,Lvl,193500,1679,1
669,工业园区,Bnk,168000,1437,2
670,工业园区,Lvl,137500,1180,3
671,工业园区,Lvl,173500,1476,1
672,工业园区,Lvl,103600,1369,2
673,高新区,Lvl,165000,1208,3
674,工业园区,Lvl,257500,1839,4
675,工业园区,Lvl,140000,1136,5
676,工业园区,Lvl,148500,1441,1
677,工业园区,Lvl,87000,1774,2
678,工业园区,Lvl,109500,792,3
679,高新区,Lvl,372500,2046,1
680,高新区,Lvl,128500,988,2
681,工业园区,Lvl,143000,923,3
682,古城区,Bnk,159434,1520,4
683,工业园区,HLS,173000,1291,5
684,高新区,Lvl,285000,1668,6
685,古城区,Lvl,221000,1839,1
686,高新区,Lvl,207500,2090,2
687,工业园区,Lvl,227875,1761,3
688,古城区,Lvl,148800,1102,4
689,工业园区,HLS,392000,1419,5
690,高新区,Lvl,194700,1362,1
691,工业园区,Lvl,141000,848,2
692,高新区,Lvl,755000,4316,3
693,高新区,Lvl,335000,2519,4
694,工业园区,Lvl,108480,1073,5
695,工业园区,Lvl,141500,1539,6
696,高新区,Lvl,176000,1137,7
697,工业园区,Lvl,89000,616,8
698,高新区,Lvl,123500,1148,1
699,工业园区,Lvl,138500,894,2
700,古城区,Lvl,196000,1391,3
701,工业园区,Lvl,312500,1800,4
702,工业园区,Lvl,140000,1164,1
703,高新区,Lvl,361919,2576,2
704,工业园区,Lvl,140000,1812,3
705,工业园区,Lvl,213000,1484,4
706,工业园区,Lvl,55000,1092,5
707,古城区,Low,302000,1824,6
708,工业园区,Lvl,254000,1324,7
709,高新区,Lvl,179540,1456,8
710,高新区,Lvl,109900,904,9
711,高新区,Lvl,52000,729,1
712,工业园区,HLS,102776,1178,2
713,高新区,HLS,189000,1228,3
714,工业园区,Lvl,129000,960,4
715,高新区,Lvl,130500,1479,5
716,工业园区,Lvl,165000,1350,6
717,工业园区,Bnk,159500,2554,7
718,工业园区,Lvl,157000,1178,8
719,工业园区,Lvl,341000,2418,9
720,高新区,Lvl,128500,971,1
721,高新区,Low,275000,1742,1
722,工业园区,Lvl,143000,848,2
723,工业园区,Lvl,124500,864,3
724,工业园区,Lvl,135000,1470,4
725,高新区,Lvl,320000,1698,5
726,工业园区,Lvl,120500,864,6
727,高新区,Lvl,222000,1680,7
728,工业园区,Lvl,194500,1232,8
729,工业园区,Lvl,110000,1776,9
730,工业园区,Lvl,103000,1208,1
731,高新区,Lvl,236500,1616,2
732,高新区,Lvl,187500,1146,3
733,高新区,Lvl,222500,2031,4
734,工业园区,Lvl,131400,1144,1
735,高新区,Lvl,108000,948,2
736,工业园区,Lvl,163000,1768,1
737,工业园区,Lvl,93500,1040,2
738,高新区,HLS,239900,1801,3
739,工业园区,Lvl,179000,1200,4
740,高新区,Lvl,190000,1728,1
741,工业园区,Lvl,132000,1432,2
742,高新区,Lvl,142000,912,3
743,工业园区,Lvl,179000,1349,1
744,高新区,Lvl,175000,1464,2
745,高新区,HLS,180000,1337,3
746,高新区,Lvl,299800,2715,4
747,高新区,Lvl,236000,2256,5
748,高新区,Lvl,265979,2640,1
749,高新区,Lvl,260400,1720,2
750,工业园区,Lvl,98000,1529,3
751,工业园区,Lvl,96500,1140,1
752,工业园区,Lvl,162000,1320,2
753,高新区,Lvl,217000,1494,3
754,工业园区,Lvl,275500,2098,4
755,工业园区,Lvl,156000,1026,5
756,工业园区,Lvl,172500,1471,6
757,高新区,Lvl,212000,1768,1
758,高新区,Lvl,158900,1386,2
759,工业园区,Lvl,179400,1501,3
760,高新区,Lvl,290000,2531,4
761,工业园区,Lvl,127500,864,5
762,工业园区,Lvl,100000,1301,1
763,工业园区,Lvl,215200,1547,2
764,工业园区,Lvl,337000,2365,3
765,高新区,Lvl,270000,1494,4
766,高新区,Lvl,264132,1506,5
767,工业园区,Lvl,196500,1714,6
768,高新区,Lvl,160000,1750,7
769,工业园区,Lvl,216837,1836,8
770,古城区,HLS,538000,3279,1
771,高新区,Lvl,134900,858,2
772,工业园区,Lvl,102000,1220,3
773,工业园区,Lvl,107000,1117,4
774,工业园区,Lvl,114500,912,1
775,工业园区,Lvl,395000,1973,2
776,工业园区,Lvl,162000,1204,3
777,高新区,Lvl,221500,1614,4
778,高新区,Lvl,142500,894,5
779,工业园区,Lvl,144000,2020,6
780,工业园区,Lvl,135000,1004,7
781,工业园区,Lvl,176000,1253,8
782,工业园区,Lvl,175900,1603,9
783,古城区,Lvl,187100,1430,1
784,高新区,Lvl,165500,1110,2
785,工业园区,Lvl,128000,1484,3
786,工业园区,Lvl,161500,1342,4
787,工业园区,Lvl,139000,1652,5
788,高新区,Lvl,233000,2084,6
789,工业园区,Lvl,107900,901,7
790,高新区,Low,187500,2087,8
791,工业园区,Lvl,160200,1145,9
792,高新区,Lvl,146800,1062,1
793,高新区,Lvl,269790,2013,1
794,工业园区,Lvl,225000,1496,2
795,高新区,Lvl,194500,1895,3
796,工业园区,Lvl,171000,1564,4
797,工业园区,Lvl,143500,1285,5
798,工业园区,Lvl,110000,773,6
799,工业园区,Lvl,485000,3140,7
800,工业园区,Lvl,175000,1768,8
801,高新区,HLS,200000,1688,9
802,工业园区,Lvl,109900,1196,1
803,工业园区,Lvl,189000,1456,2
804,工业园区,Lvl,582933,2822,3
805,工业园区,Lvl,118000,1128,4
806,高新区,Lvl,227680,1428,1
807,工业园区,Lvl,135500,980,2
808,工业园区,Lvl,223500,1576,1
809,工业园区,Lvl,159950,1086,2
810,工业园区,Lvl,106000,2138,3
811,工业园区,Lvl,181000,1309,4
812,工业园区,Lvl,144500,848,1
813,工业园区,Bnk,55993,1044,2
814,工业园区,Lvl,157900,1442,3
815,工业园区,Lvl,116000,1250,1
816,古城区,Lvl,224900,1661,2
817,高新区,Lvl,137000,1008,3
818,高新区,Lvl,271000,1689,4
819,工业园区,Lvl,155000,1052,5
820,高新区,Lvl,224000,1358,1
821,高新区,Lvl,183000,1640,2
822,工业园区,Bnk,93000,936,3
823,高新区,Lvl,225000,1733,1
824,工业园区,Lvl,139500,1489,2
825,工业园区,Lvl,232600,1489,3
826,工业园区,Lvl,385000,2084,4
827,工业园区,Lvl,109500,784,5
828,高新区,Lvl,189000,1434,6
829,古城区,Low,185000,2126,1
830,工业园区,Lvl,147400,1223,2
831,高新区,Lvl,166000,1392,3
832,工业园区,Lvl,151000,1200,4
833,高新区,Lvl,237000,1829,5
834,工业园区,Lvl,167000,1516,1
835,工业园区,Lvl,139950,1144,2
836,工业园区,Lvl,128000,1067,3
837,工业园区,Lvl,153500,1559,4
838,工业园区,Lvl,100000,987,5
839,工业园区,Lvl,144000,1099,6
840,工业园区,Lvl,130500,1200,7
841,高新区,Lvl,140000,1482,8
842,工业园区,Lvl,157500,1539,1
843,工业园区,Lvl,174900,1165,2
844,工业园区,Lvl,141000,1800,3
845,高新区,Lvl,153900,1416,4
846,高新区,Lvl,171000,1701,1
847,工业园区,Lvl,213000,1775,2
848,高新区,Lvl,133500,864,3
849,古城区,Bnk,240000,2358,4
850,工业园区,Lvl,187000,1855,5
851,工业园区,Lvl,131500,848,6
852,工业园区,Lvl,215000,1456,7
853,工业园区,Lvl,164000,1646,8
854,高新区,Lvl,158000,1445,9
855,工业园区,Lvl,170000,1779,1
856,高新区,Lvl,127000,1040,2
857,高新区,Low,147000,1026,3
858,工业园区,Lvl,174000,1481,4
859,工业园区,Lvl,152000,1370,5
860,高新区,Lvl,250000,2654,6
861,工业园区,Lvl,189950,1426,7
862,工业园区,Lvl,131500,1039,8
863,工业园区,Lvl,152000,1097,9
864,工业园区,Lvl,132500,1148,1
865,工业园区,Lvl,250580,1372,1
866,高新区,Lvl,148500,1002,2
867,高新区,HLS,248900,1646,3
868,工业园区,Lvl,129000,1120,4
869,古城区,Lvl,169000,2320,5
870,工业园区,Lvl,236000,1949,6
871,工业园区,Lvl,109500,894,7
872,工业园区,Lvl,200500,1682,8
873,工业园区,Lvl,116000,910,9
874,工业园区,Lvl,133000,1268,1
875,工业园区,Lvl,66500,1131,2
876,工业园区,Lvl,303477,2610,3
877,工业园区,HLS,132250,1040,4
878,工业园区,Lvl,350000,2224,1
879,高新区,Lvl,148000,1155,2
880,高新区,Lvl,136500,864,1
881,工业园区,Lvl,157000,1090,2
882,高新区,Lvl,187500,1717,3
883,高新区,Lvl,178000,1593,4
884,工业园区,Bnk,118500,2230,1
885,工业园区,Lvl,100000,892,2
886,高新区,Lvl,328900,1709,3
887,工业园区,Lvl,145000,1712,1
888,高新区,Lvl,135500,1393,2
889,高新区,Lvl,268000,2217,3
890,工业园区,Lvl,149500,1505,4
891,工业园区,Lvl,122900,924,5
892,工业园区,Lvl,172500,1683,1
893,工业园区,Lvl,154500,1068,2
894,工业园区,Lvl,165000,1383,3
895,工业园区,Bnk,118858,1535,1
896,工业园区,Lvl,140000,1796,2
897,工业园区,Lvl,106500,951,3
898,工业园区,Lvl,142953,2240,4
899,高新区,Lvl,611657,2364,5
900,工业园区,Lvl,135000,1236,6
901,高新区,Lvl,110000,858,1
902,高新区,Lvl,153000,1306,2
903,工业园区,Lvl,180000,1509,3
904,高新区,HLS,240000,1670,4
905,高新区,Lvl,125500,902,5
906,工业园区,Lvl,128000,1063,1
907,高新区,Lvl,255000,1636,2
908,高新区,Lvl,250000,2057,3
909,高新区,Low,131000,902,4
910,古城区,Lvl,174000,1484,5
911,工业园区,Lvl,154300,2274,6
912,高新区,Lvl,143500,1268,7
913,工业园区,Lvl,88000,1015,8
914,工业园区,HLS,145000,2002,1
915,工业园区,Lvl,173733,1224,2
916,工业园区,Lvl,75000,1092,3
917,工业园区,Lvl,35311,480,4
918,工业园区,Lvl,135000,1229,1
919,高新区,Lvl,238000,2127,2
920,高新区,Lvl,176500,1414,3
921,高新区,Lvl,201000,1721,4
922,工业园区,Lvl,145900,2200,5
923,工业园区,Lvl,169990,1316,6
924,工业园区,Lvl,193000,1617,7
925,工业园区,Lvl,207500,1686,8
926,高新区,Lvl,175000,1126,9
927,工业园区,Lvl,285000,2374,1
928,工业园区,Lvl,176000,1978,2
929,工业园区,Lvl,236500,1788,3
930,高新区,Lvl,222000,2236,4
931,高新区,HLS,201000,1466,5
932,工业园区,Lvl,117500,925,6
933,高新区,Lvl,320000,1905,7
934,工业园区,Lvl,190000,1500,8
935,古城区,HLS,242000,2069,9
936,高新区,Lvl,79900,747,1
937,工业园区,Lvl,184900,1200,1
938,工业园区,Lvl,253000,1971,2
939,工业园区,Lvl,239799,1962,3
940,工业园区,Lvl,244400,2403,4
941,高新区,Lvl,150900,1728,5
942,高新区,Lvl,214000,2060,6
943,高新区,Lvl,150000,1440,7
944,工业园区,Low,143000,1632,8
945,高新区,Lvl,137500,1344,9
946,工业园区,Lvl,124900,1869,1
947,工业园区,Lvl,143000,1144,2
948,工业园区,Lvl,270000,1629,3
949,高新区,Lvl,192500,1776,4
950,工业园区,Lvl,197500,1381,1
951,工业园区,Lvl,129000,864,2
952,工业园区,Lvl,119900,965,1
953,工业园区,Lvl,133900,768,2
954,高新区,Lvl,172000,1968,3
955,高新区,Lvl,127500,980,4
956,高新区,HLS,145000,1958,1
957,工业园区,Lvl,124000,1229,2
958,工业园区,Lvl,132000,1057,3
959,工业园区,Lvl,185000,1337,1
960,工业园区,Lvl,155000,1416,2
961,高新区,Lvl,116500,858,3
962,高新区,Lvl,272000,2872,4
963,工业园区,Lvl,155000,1548,5
964,高新区,Lvl,239000,1800,1
965,工业园区,Lvl,214900,1894,2
966,工业园区,Lvl,178900,1484,3
967,高新区,HLS,160000,1308,1
968,高新区,Lvl,135000,1098,2
969,工业园区,Lvl,37900,968,3
970,工业园区,Lvl,140000,1095,4
971,工业园区,Lvl,135000,1192,5
972,工业园区,Lvl,173000,1626,6
973,工业园区,Lvl,99500,918,1
974,工业园区,Lvl,182000,1428,2
975,高新区,Lvl,167500,2019,3
976,工业园区,Lvl,165000,1382,4
977,高新区,Bnk,85500,869,5
978,高新区,Lvl,199900,1241,1
979,工业园区,Bnk,110000,894,2
980,工业园区,Lvl,139000,1121,3
981,高新区,Lvl,178400,999,4
982,高新区,Lvl,336000,2612,5
983,工业园区,Lvl,159895,1266,6
984,工业园区,Lvl,255900,2290,7
985,工业园区,Lvl,126000,1734,8
986,工业园区,Lvl,125000,1164,1
987,工业园区,Lvl,117000,1635,2
988,高新区,Lvl,395192,1940,3
989,高新区,Lvl,195000,2030,4
990,工业园区,Lvl,197000,1576,1
991,工业园区,Lvl,348000,2392,2
992,工业园区,Lvl,168000,1742,3
993,工业园区,Lvl,187000,1851,4
994,工业园区,Lvl,173900,1500,5
995,工业园区,Lvl,337500,1718,6
996,高新区,Lvl,121600,1230,7
997,高新区,Lvl,136500,1050,8
998,高新区,Lvl,185000,1442,9
999,工业园区,Lvl,91000,1077,1
1000,工业园区,Lvl,206000,1208,2
1001,工业园区,Lvl,82000,944,3
1002,工业园区,Lvl,86000,691,4
1003,高新区,Lvl,232000,1574,5
1004,高新区,Lvl,136905,1680,6
1005,工业园区,Lvl,181000,1504,7
1006,工业园区,Lvl,149900,985,8
1007,其他区,Lvl,163500,1657,9
1008,工业园区,Lvl,88000,1092,1
1009,高新区,Lvl,240000,1710,1
1010,工业园区,Lvl,102000,1522,2
1011,工业园区,Lvl,135000,1271,3
1012,工业园区,Lvl,100000,1664,4
1013,工业园区,Lvl,165000,1502,5
1014,工业园区,Lvl,85000,1022,6
1015,工业园区,Lvl,119200,1082,7
1016,工业园区,Lvl,227000,1665,8
1017,工业园区,Lvl,203000,1504,9
1018,高新区,Lvl,187500,1360,1
1019,高新区,Lvl,160000,1472,2
1020,工业园区,Lvl,213490,1506,3
1021,工业园区,Lvl,176000,1132,4
1022,工业园区,Lvl,194000,1220,1
1023,工业园区,Lvl,87000,1248,2
1024,工业园区,Lvl,191000,1504,1
1025,高新区,Lvl,287000,2898,2
1026,工业园区,Lvl,112500,882,3
1027,工业园区,Lvl,167500,1264,4
1028,高新区,HLS,293077,1646,1
1029,工业园区,Lvl,105000,1376,2
1030,工业园区,Lvl,118000,1218,3
1031,工业园区,Lvl,160000,1928,1
1032,工业园区,Lvl,197000,3082,2
1033,高新区,Lvl,310000,2520,3
1034,工业园区,Lvl,230000,1654,4
1035,工业园区,Bnk,119750,954,5
1036,高新区,Lvl,84000,845,1
1037,高新区,HLS,315500,1620,2
1038,工业园区,Lvl,287000,2263,3
1039,工业园区,Lvl,97000,1344,1
1040,工业园区,Lvl,80000,630,2
1041,工业园区,Lvl,155000,1803,3
1042,工业园区,Lvl,173000,1632,4
1043,高新区,Lvl,196000,1306,5
1044,工业园区,Lvl,262280,2329,6
1045,工业园区,Lvl,278000,2524,1
1046,高新区,Lvl,139600,1733,2
1047,高新区,Lvl,556581,2868,3
1048,古城区,Lvl,145000,990,4
1049,工业园区,Lvl,115000,1771,5
1050,工业园区,Low,84900,930,1
1051,高新区,Lvl,176485,1302,2
1052,高新区,Lvl,200141,1316,3
1053,工业园区,Lvl,165000,1977,4
1054,工业园区,Lvl,144500,1526,5
1055,工业园区,Lvl,255000,1989,6
1056,工业园区,Lvl,180000,1523,7
1057,高新区,Lvl,185850,1364,8
1058,古城区,Lvl,248000,1850,1
1059,高新区,Lvl,335000,2184,2
1060,高新区,HLS,220000,1991,3
1061,工业园区,Lvl,213500,1338,4
1062,工业园区,Low,81000,894,1
1063,工业园区,Lvl,90000,2337,2
1064,工业园区,Lvl,110500,1103,3
1065,高新区,Lvl,154000,1154,4
1066,工业园区,Lvl,328000,2260,5
1067,高新区,Lvl,178000,1571,6
1068,工业园区,Lvl,167900,1611,7
1069,工业园区,Lvl,151400,2521,8
1070,工业园区,Lvl,135000,893,9
1071,工业园区,Lvl,135000,1048,1
1072,工业园区,Lvl,154000,1556,2
1073,工业园区,Lvl,91500,1456,3
1074,高新区,Bnk,159500,1426,4
1075,工业园区,Lvl,194000,1240,5
1076,工业园区,Lvl,219500,1740,6
1077,工业园区,Lvl,170000,1466,7
1078,高新区,Lvl,138800,1096,8
1079,工业园区,Lvl,155900,848,9
1080,工业园区,Lvl,126000,990,1
1081,工业园区,Lvl,145000,1258,1
1082,工业园区,Lvl,133000,1040,2
1083,工业园区,Lvl,192000,1459,3
1084,工业园区,Lvl,160000,1251,4
1085,古城区,Lvl,187500,1498,5
1086,工业园区,Lvl,147000,996,6
1087,工业园区,Lvl,83500,1092,7
1088,工业园区,Lvl,252000,1953,8
1089,工业园区,Lvl,137500,1709,9
1090,高新区,Lvl,197000,1247,1
1091,工业园区,Lvl,92900,1040,2
1092,工业园区,Lvl,160000,1252,3
1093,工业园区,Bnk,136500,1694,4
1094,工业园区,Lvl,146000,1200,1
1095,工业园区,Lvl,129000,936,2
1096,高新区,Lvl,176432,1314,1
1097,工业园区,Lvl,127000,1355,2
1098,工业园区,Lvl,170000,1088,3
1099,工业园区,Lvl,128000,1324,4
1100,高新区,Lvl,157000,1601,1
1101,工业园区,Bnk,60000,438,2
1102,高新区,Lvl,119500,950,3
1103,工业园区,Lvl,135000,1134,1
1104,工业园区,Lvl,159500,1194,2
1105,工业园区,Lvl,106000,1302,3
1106,高新区,Lvl,325000,2622,4
1107,高新区,Lvl,179900,1442,5
1108,其他区,HLS,274725,2021,1
1109,工业园区,Lvl,181000,1690,2
1110,高新区,Lvl,280000,1836,3
1111,工业园区,Lvl,188000,1658,1
1112,工业园区,Lvl,205000,1964,2
1113,高新区,Lvl,129900,816,3
1114,工业园区,Lvl,134500,1008,4
1115,工业园区,Lvl,117000,833,5
1116,工业园区,Lvl,318000,1734,6
1117,工业园区,Lvl,184100,1419,1
1118,高新区,Lvl,130000,894,2
1119,工业园区,Lvl,140000,1601,3
1120,工业园区,Lvl,133700,1040,4
1121,工业园区,Bnk,118400,1012,5
1122,工业园区,Lvl,212900,1552,1
1123,高新区,Lvl,112000,960,2
1124,工业园区,Lvl,118000,698,3
1125,高新区,Lvl,163900,1482,4
1126,工业园区,Lvl,115000,1005,5
1127,工业园区,Lvl,174000,1555,6
1128,其他区,Lvl,259000,1530,7
1129,高新区,Lvl,215000,1959,8
1130,工业园区,Lvl,140000,936,1
1131,工业园区,Lvl,135000,1981,2
1132,工业园区,Lvl,93500,974,3
1133,工业园区,Lvl,117500,2210,4
1134,高新区,Lvl,239500,2020,1
1135,高新区,HLS,169000,1600,2
1136,工业园区,Lvl,102000,986,3
1137,工业园区,Lvl,119000,1252,4
1138,工业园区,Lvl,94000,1020,5
1139,高新区,Lvl,196000,1567,6
1140,高新区,Lvl,144000,1167,7
1141,工业园区,Lvl,139000,952,8
1142,高新区,Lvl,197500,1868,9
1143,工业园区,Lvl,424870,2828,1
1144,工业园区,Lvl,80000,1006,2
1145,工业园区,Lvl,80000,924,3
1146,工业园区,Lvl,149000,1576,4
1147,工业园区,Lvl,180000,1298,5
1148,工业园区,Bnk,174500,1564,6
1149,工业园区,Lvl,116900,1111,7
1150,工业园区,Lvl,143000,1482,8
1151,高新区,Lvl,124000,932,9
1152,工业园区,Lvl,149900,1466,1
1153,高新区,Lvl,230000,1811,1
1154,工业园区,Lvl,120500,816,2
1155,高新区,Lvl,201800,1820,3
1156,高新区,Lvl,218000,1437,4
1157,工业园区,Lvl,179900,1265,5
1158,高新区,Lvl,230000,1314,6
1159,工业园区,Lvl,235128,1580,7
1160,工业园区,Lvl,185000,1876,8
1161,工业园区,Lvl,146000,1456,9
1162,高新区,Low,224000,1640,1
1163,工业园区,Lvl,129000,894,2
1164,工业园区,Lvl,108959,1258,3
1165,高新区,Lvl,194000,1432,4
1166,高新区,Lvl,233170,1502,1
1167,高新区,Lvl,245350,1694,2
1168,高新区,Lvl,173000,1671,1
1169,工业园区,Lvl,235000,2108,2
1170,高新区,Lvl,625000,3627,3
1171,工业园区,Lvl,171000,1118,4
1172,工业园区,Lvl,163000,1261,1
1173,高新区,Lvl,171900,1250,2
1174,高新区,Bnk,200500,3086,3
1175,高新区,Lvl,239000,2345,1
1176,工业园区,Lvl,285000,2872,2
1177,高新区,Lvl,119500,923,3
1178,工业园区,Bnk,115000,1224,4
1179,高新区,Lvl,154900,1343,5
1180,工业园区,Lvl,93000,1124,1
1181,古城区,Lvl,250000,2514,2
1182,高新区,HLS,392500,1652,3
1183,高新区,Lvl,745000,4476,1
1184,工业园区,Lvl,120000,1130,2
1185,工业园区,Lvl,186700,1572,3
1186,工业园区,Lvl,104900,1221,4
1187,高新区,Bnk,95000,1699,5
1188,工业园区,Lvl,262000,1624,6
1189,高新区,Lvl,195000,1660,1
1190,工业园区,Lvl,189000,1804,2
1191,工业园区,Low,168000,1622,3
1192,工业园区,Lvl,174000,1441,4
1193,工业园区,Lvl,125000,1472,5
1194,工业园区,Lvl,165000,1224,1
1195,工业园区,Lvl,158000,1352,2
1196,高新区,Lvl,176000,1456,3
1197,高新区,Lvl,219210,1863,4
1198,高新区,Bnk,144000,1690,5
1199,工业园区,Lvl,178000,1212,6
1200,工业园区,Lvl,148000,1382,7
1201,工业园区,Lvl,116050,864,8
1202,工业园区,Lvl,197900,1779,1
1203,工业园区,Lvl,117000,1348,2
1204,工业园区,Lvl,213000,1630,3
1205,工业园区,Lvl,153500,1074,4
1206,高新区,Lvl,271900,2196,1
1207,工业园区,Lvl,107000,1056,2
1208,工业园区,Lvl,200000,1700,3
1209,工业园区,Lvl,140000,1283,4
1210,高新区,Lvl,290000,1660,5
1211,工业园区,Lvl,189000,1845,6
1212,高新区,Bnk,164000,1752,7
1213,工业园区,Lvl,113000,672,8
1214,高新区,Lvl,145000,960,9
1215,高新区,Lvl,134500,999,1
1216,高新区,Lvl,125000,894,2
1217,工业园区,Lvl,112000,1902,3
1218,工业园区,Lvl,229456,1314,4
1219,工业园区,Lvl,80500,912,5
1220,工业园区,Lvl,91500,1218,6
1221,高新区,Lvl,115000,912,7
1222,工业园区,Lvl,134000,1211,8
1223,工业园区,Lvl,143000,1846,9
1224,工业园区,Lvl,137900,2136,1
1225,高新区,Lvl,184000,1490,1
1226,工业园区,Lvl,145000,1138,2
1227,高新区,Lvl,214000,1933,3
1228,工业园区,Lvl,147000,912,4
1229,工业园区,Lvl,367294,1702,5
1230,工业园区,Lvl,127000,1507,6
1231,高新区,Lvl,190000,2620,7
1232,工业园区,Lvl,132500,1190,8
1233,工业园区,Lvl,101800,1224,9
1234,高新区,Lvl,142000,1188,1
1235,工业园区,Bnk,130000,1964,2
1236,工业园区,Lvl,138887,1784,3
1237,工业园区,Lvl,175500,1626,4
1238,古城区,Lvl,195000,1948,1
1239,工业园区,Lvl,142500,1141,2
1240,高新区,HLS,265900,1484,1
1241,工业园区,Lvl,224900,1768,2
1242,工业园区,Lvl,248328,1689,3
1243,工业园区,Lvl,170000,1173,4
1244,工业园区,Lvl,465000,2076,1
1245,高新区,HLS,230000,1517,2
1246,工业园区,Lvl,178000,1868,3
1247,工业园区,Lvl,186500,1553,1
1248,高新区,Lvl,169900,1034,2
1249,工业园区,Lvl,129500,2058,3
1250,工业园区,Lvl,119000,988,4
1251,工业园区,Lvl,244000,2110,5
1252,高新区,Lvl,171750,1405,1
1253,工业园区,Lvl,130000,874,2
1254,高新区,Lvl,294000,2167,3
1255,工业园区,Lvl,165400,1656,1
1256,工业园区,Lvl,127500,1367,2
1257,高新区,Lvl,301500,1987,3
1258,工业园区,Lvl,99900,864,4
1259,高新区,Lvl,190000,1166,5
1260,工业园区,Lvl,151000,1054,6
1261,其他区,Lvl,181000,1675,1
1262,工业园区,Lvl,128900,1050,2
1263,工业园区,Lvl,161500,1788,3
1264,工业园区,Lvl,180500,1824,4
1265,工业园区,Lvl,181000,1337,5
1266,工业园区,Lvl,183900,1452,1
1267,高新区,Bnk,122000,1889,2
1268,高新区,HLS,378500,2018,3
1269,高新区,Lvl,381000,3447,4
1270,工业园区,Lvl,144000,1524,5
1271,工业园区,Low,260000,1524,6
1272,高新区,Lvl,185750,1489,7
1273,高新区,Lvl,137000,935,8
1274,高新区,Lvl,177000,1357,1
1275,工业园区,Lvl,139000,1250,2
1276,工业园区,Lvl,137000,1920,3
1277,高新区,Lvl,162000,1395,4
1278,高新区,Lvl,197900,1724,1
1279,工业园区,Lvl,237000,2031,2
1280,工业园区,Lvl,68400,1128,3
1281,高新区,Lvl,227000,1573,4
1282,高新区,Lvl,180000,1339,5
1283,高新区,Lvl,150500,1040,6
1284,工业园区,Low,139000,1824,7
1285,工业园区,Lvl,169000,2447,8
1286,工业园区,Lvl,132500,1412,9
1287,工业园区,Lvl,143000,1328,1
1288,高新区,Low,190000,1582,2
1289,高新区,Lvl,278000,1659,3
1290,高新区,Lvl,281000,1970,4
1291,高新区,Lvl,180500,1152,5
1292,工业园区,Lvl,119500,1302,6
1293,工业园区,Lvl,107500,2372,7
1294,工业园区,Lvl,162900,1664,8
1295,工业园区,Lvl,115000,864,9
1296,工业园区,Lvl,138500,1052,1
1297,工业园区,Lvl,155000,1128,1
1298,工业园区,Lvl,140000,1072,2
1299,其他区,Bnk,160000,5642,3
1300,工业园区,Lvl,154000,1246,4
1301,高新区,Lvl,225000,1983,5
1302,高新区,Bnk,177500,1494,6
1303,工业园区,Lvl,290000,2526,7
1304,工业园区,Lvl,232000,1616,8
1305,工业园区,Lvl,130000,1708,9
1306,高新区,Lvl,325000,1652,1
1307,高新区,Lvl,202500,1368,2
1308,工业园区,Lvl,138000,990,3
1309,工业园区,Lvl,147000,1122,4
1310,工业园区,Lvl,179200,1294,1
1311,工业园区,Lvl,335000,1902,2
1312,工业园区,Lvl,203000,1274,1
1313,高新区,Lvl,302000,2810,2
1314,高新区,Lvl,333168,2599,3
1315,工业园区,Lvl,119000,948,4
1316,工业园区,Lvl,206900,2112,1
1317,高新区,Lvl,295493,1630,2
1318,工业园区,Lvl,208900,1352,3
1319,古城区,Lvl,275000,1787,1
1320,工业园区,Bnk,111000,948,2
1321,工业园区,Lvl,156500,1478,3
1322,高新区,Lvl,72500,720,4
1323,高新区,Lvl,190000,1923,5
1324,工业园区,HLS,82500,708,1
1325,工业园区,Lvl,147000,1795,2
1326,工业园区,Lvl,55000,796,3
1327,工业园区,Bnk,79000,774,1
1328,工业园区,Lvl,130500,816,2
1329,工业园区,Lvl,256000,2792,3
1330,高新区,Lvl,176500,1632,4
1331,工业园区,Lvl,227000,1588,5
1332,高新区,Lvl,132500,954,6
1333,工业园区,Lvl,100000,816,1
1334,工业园区,Lvl,125500,1360,2
1335,工业园区,Lvl,125000,1365,3
1336,工业园区,Lvl,167900,1334,4
1337,高新区,Lvl,135000,1656,5
1338,高新区,Bnk,52500,693,1
1339,高新区,Lvl,200000,1861,2
1340,高新区,Lvl,128500,864,3
1341,工业园区,Lvl,123000,872,4
1342,工业园区,Lvl,155000,1114,5
1343,工业园区,Lvl,228500,2169,6
1344,工业园区,Bnk,177000,1913,7
1345,高新区,Lvl,155835,1456,8
1346,工业园区,Lvl,108500,960,1
1347,古城区,Lvl,262500,2156,2
1348,高新区,HLS,283463,1776,3
1349,其他区,Low,215000,1494,4
1350,工业园区,Lvl,122000,2358,1
1351,工业园区,Lvl,200000,2634,2
1352,高新区,Lvl,171000,1716,3
1353,工业园区,Lvl,134900,1176,4
1354,高新区,Lvl,410000,3238,5
1355,高新区,Lvl,235000,1865,6
1356,高新区,Lvl,170000,1920,7
1357,工业园区,Lvl,110000,892,8
1358,高新区,Lvl,149900,1078,9
1359,工业园区,Lvl,177500,1573,1
1360,工业园区,Lvl,315000,1980,2
1361,工业园区,Lvl,189000,2601,3
1362,高新区,Low,260000,1530,4
1363,高新区,Lvl,104900,1738,5
1364,高新区,Lvl,156932,1412,6
1365,工业园区,Lvl,144152,1200,7
1366,工业园区,Lvl,216000,1674,8
1367,高新区,Lvl,193000,1790,9
1368,工业园区,Lvl,127000,1475,1
1369,工业园区,Lvl,144000,848,1
1370,古城区,Lvl,232000,1668,2
1371,工业园区,Lvl,105000,1374,3
1372,工业园区,Lvl,165500,1661,4
1373,工业园区,Lvl,274300,2097,5
1374,工业园区,Lvl,466500,2633,6
1375,工业园区,Lvl,250000,1958,7
1376,高新区,HLS,239000,1571,8
1377,工业园区,Bnk,91000,790,9
1378,工业园区,Lvl,117000,1604,1
1379,工业园区,Lvl,83000,987,2
1380,工业园区,Lvl,167500,1394,3
1381,工业园区,Lvl,58500,864,4
1382,高新区,Lvl,237500,2117,1
1383,工业园区,Lvl,157000,1762,2
1384,工业园区,Lvl,112000,1416,1
1385,工业园区,Lvl,105000,1258,2
1386,工业园区,Lvl,125500,1154,3
1387,高新区,Lvl,250000,2784,4
1388,工业园区,Lvl,136000,2526,1
1389,高新区,HLS,377500,1746,2
1390,工业园区,Lvl,131000,1218,3
1391,工业园区,Lvl,235000,1525,1
1392,工业园区,Lvl,124000,1584,2
1393,工业园区,Lvl,123000,900,3
1394,工业园区,Lvl,163000,1912,4
1395,工业园区,Lvl,246578,1500,5
1396,高新区,Lvl,281213,2482,1
1397,高新区,Bnk,160000,1687,2
1398,工业园区,Lvl,137500,1513,3
1399,工业园区,Lvl,138000,1904,1
1400,工业园区,Lvl,137450,1608,2
1401,工业园区,Lvl,120000,1158,3
1402,高新区,Lvl,193000,1593,4
1403,工业园区,Lvl,193879,1294,5
1404,高新区,Lvl,282922,1464,6
1405,工业园区,Lvl,105000,1214,1
1406,高新区,HLS,275000,1646,2
1407,工业园区,Lvl,133000,768,3
1408,高新区,Lvl,112000,833,4
1409,工业园区,Lvl,125500,1363,5
1410,高新区,Lvl,215000,2093,1
1411,工业园区,Lvl,230000,1840,2
1412,工业园区,Lvl,140000,1668,3
1413,工业园区,Lvl,90000,1040,4
1414,高新区,Lvl,257000,1844,5
1415,工业园区,Bnk,207000,1848,6
1416,工业园区,Lvl,175900,1569,7
1417,工业园区,Lvl,122500,2290,8
1418,高新区,Lvl,340000,2450,1
1419,工业园区,Lvl,124000,1144,2
1420,高新区,Lvl,223000,1844,3
1421,工业园区,Lvl,179900,1416,4
1422,工业园区,Lvl,127500,1069,1
1423,工业园区,Lvl,136500,848,2
1424,高新区,Lvl,274970,2201,3
1425,工业园区,Lvl,144000,1344,4
1426,高新区,Lvl,142000,1252,5
1427,高新区,Lvl,271000,2127,6
1428,工业园区,Bnk,140000,1558,7
1429,工业园区,Lvl,119000,804,8
1430,高新区,Lvl,182900,1440,9
1431,其他区,Lvl,192140,1838,1
1432,高新区,Lvl,143750,958,2
1433,工业园区,Lvl,64500,968,3
1434,高新区,Lvl,186500,1792,4
1435,工业园区,Low,160000,1126,5
1436,工业园区,Lvl,174000,1537,6
1437,工业园区,Lvl,120500,864,7
1438,工业园区,Lvl,394617,1932,8
1439,工业园区,Lvl,149700,1236,9
1440,工业园区,Lvl,197000,1725,1
1441,高新区,Bnk,191000,2555,1
1442,工业园区,Lvl,149300,848,2
1443,工业园区,Lvl,310000,2007,3
1444,工业园区,Lvl,121000,952,4
1445,工业园区,Lvl,179600,1422,5
1446,工业园区,Lvl,129000,913,6
1447,高新区,Lvl,157900,1188,7
1448,工业园区,Lvl,240000,2090,8
1449,工业园区,Lvl,112000,1346,9
1450,工业园区,Lvl,92000,630,1
1451,工业园区,Lvl,136000,1792,2
1452,工业园区,Lvl,287090,1578,3
1453,工业园区,Lvl,145000,1072,4
1454,工业园区,Lvl,84500,1140,1
1455,工业园区,Lvl,185000,1221,2
1456,工业园区,Lvl,175000,1647,1
1457,工业园区,Lvl,210000,2073,2
1458,工业园区,Lvl,266500,2340,3
1459,工业园区,Lvl,142125,1078,4
1460,工业园区,Lvl,147500,1256,1
